상권_구분_코드,상권_구분_코드_명,상권_코드,상권_코드_명,lon,lat
A,골목상권,1000275,보문로26길,127.02135356029717,37.58720469334633
A,골목상권,1000276,보문로31길,127.01568136950489,37.58816964537452
D,발달상권,1001045,동작구 총신대입구역_1,126.9808235857054,37.48597765914373
D,발달상권,1001046,서울 관악구 신림역_4,126.9302137115341,37.486436139402514
D,발달상권,1001047,뱅뱅사거리_1,127.03346945025531,37.48862343831305
D,발달상권,1001048,뱅뱅사거리,127.02982945599554,37.49098505346684
D,발달상권,1001049,개봉동 현대아파트 인근,126.85579690602577,37.48956732297291
D,발달상권,1001050,교대역_1,127.01156764763162,37.490790031276504
D,발달상권,1001260,창동역,127.04899997749135,37.652806377355745
D,발달상권,1001261,서울 노원구 노원역_1,127.0626902470538,37.65411533094398
D,발달상권,1001262,서울 노원구 노원역_2,127.05890567576205,37.654639851230215
D,발달상권,1001263,서울 노원구 노원역_3,127.0625105241541,37.65601649888629
D,발달상권,1001217,서울 종로구 종로5가역_1,127.0013923109485,37.570421097077954
D,발달상권,1001255,서울 은평구 연신내역_3,126.92047159847978,37.62069666168165
D,발달상권,1001259,서울 강북구 수유역_3,127.0272040015457,37.64085736435167
R,전통시장,1001310,구의시장,127.08846716777747,37.545502421516225
R,전통시장,1001322,동부시장,127.05259999071382,37.56730095286712
R,전통시장,1001323,답십리시장,127.05819657291528,37.57364133312369
R,전통시장,1001324,전곡시장,127.06883022580342,37.57808652423728
R,전통시장,1001325,청량리청과물시장,127.04318987696023,37.580116916239625
R,전통시장,1001451,사당시장,126.97513722688751,37.483003271393486
R,전통시장,1001468,남부종합시장,126.98489227985215,37.49477208354063
R,전통시장,1001469,양재시장,127.0383066275842,37.484071877750694
R,전통시장,1001407,등마루시장,126.86016068133681,37.556706219310875
R,전통시장,1001408,신월중앙시장,126.84434565394928,37.55884882076419
R,전통시장,1001450,남성역골목시장,126.97245743180964,37.48348922176639
D,발달상권,1001042,서울 서초구 남부터미널역_3,127.0161915795939,37.48678000320049
D,발달상권,1001043,동작구 총신대입구역_2,126.98302843524853,37.48591492585732
D,발달상권,1001044,양재역_3,127.03115058953671,37.48651571376833
D,발달상권,1001030,양재역_2,127.0363616986534,37.48365802839606
D,발달상권,1001031,서울 관악구 신림역_1,126.92883756748512,37.4829574265654
D,발달상권,1001032,서울 관악구 신림역_2,126.93080498641467,37.482841464045244
D,발달상권,1001033,서울 서초구 남부터미널역_1,127.01878025964147,37.48431986735238
A,골목상권,1000379,동일로173가길,127.07243887072359,37.6220436979359
A,골목상권,1000380,동일로192길,127.0755690585679,37.62581687022158
A,골목상권,1000381,동일로242길,127.05866096147015,37.67488501157822
A,골목상권,1000071,이태원로54길,127.00136905188955,37.536543574586496
A,골목상권,1000072,장문로45길,127.00046384506732,37.52870487172285
A,골목상권,1000073,청파로47길,126.96792002437306,37.544549114266864
R,전통시장,1001490,길동복조리시장,127.14367486055193,37.538447392541784
R,전통시장,1001332,사가정시장,127.09044539460683,37.58126145968097
R,전통시장,1001333,중화제일시장,127.07544588440813,37.604814912176174
R,전통시장,1001334,태능시장,127.07653767941356,37.59826400907772
R,전통시장,1001335,묵1동도깨비시장,127.0809514877725,37.61687550606394
R,전통시장,1001336,우림골목시장,127.09805213757389,37.59766245247333
R,전통시장,1001337,유영시장,127.09684393083963,37.591572748702255
R,전통시장,1001338,돈암제일시장,127.01587463871735,37.591890717924635
R,전통시장,1001377,영천시장,126.96129826420189,37.5704598113684
D,발달상권,1001057,교대역_2,127.01596682099772,37.493267288811936
D,발달상권,1001058,역삼역_1,127.03722618303436,37.49411845945068
D,발달상권,1001059,교대역_3,127.01204311976798,37.494240841590305
D,발달상권,1001060,가락시장,127.113487750174,37.49406981478418
D,발달상권,1001061,방배동카페골목,126.98638497674007,37.49467315423672
D,발달상권,1001062,서울 강남구 강남역_1,127.02732075688415,37.495346534821586
D,발달상권,1001181,서울 광진구 군자역,127.07848699391494,37.55666383323358
D,발달상권,1001123,학동사거리_1,127.036493181618,37.52150923659846
D,발달상권,1001017,관악구 사당역_3,126.98097322504685,37.47552597828984
D,발달상권,1001018,포이사거리_2,127.04417032889133,37.476591455894564
D,발달상권,1001019,포이사거리_1,127.04610381207898,37.47700518170915
D,발달상권,1001020,장지역,127.12204320261074,37.4772484811463
D,발달상권,1001021,가산디지털단지역_1,126.88456732142473,37.47198421841353
D,발달상권,1001038,구로디지탈1단지,126.89508680818014,37.48380625597272
D,발달상권,1001039,서울 서초구 남부터미널역_2,127.01369267538392,37.486428926052625
D,발달상권,1001040,서울 관악구 신림역_3,126.92852988341207,37.485489074322906
D,발달상권,1001041,서울 강남구 수서역,127.10338078395336,37.487636890436846
A,골목상권,1000377,해등로16길,127.0426668642167,37.655475746053135
A,골목상권,1000378,공릉로58길,127.07397072659852,37.63615219120444
A,골목상권,1000298,정릉로27길,127.01286535692006,37.60697367210774
A,골목상권,1000299,정릉로8길,126.99792749494841,37.607145543206094
A,골목상권,1000376,우이천로4다길,127.04031008537356,37.63521344861366
R,전통시장,1001292,이태원제일시장,126.98779125338027,37.53914684239876
R,전통시장,1001293,보광시장,127.00037333031572,37.52701999855624
R,전통시장,1001278,남평화시장,127.010810038063,37.569168226697855
R,전통시장,1001279,동평화시장,127.01307393450413,37.56924908729413
R,전통시장,1001280,제일평화시장,127.01156831600028,37.56837527870061
A,골목상권,1000300,종암로16길,127.03694960878664,37.59824700224238
R,전통시장,1001281,청평화시장,127.01500962462404,37.569591235352874
R,전통시장,1001282,약수시장,127.01055869791927,37.552779117727084
R,전통시장,1001283,백학시장,127.019400052715,37.56369808221292
R,전통시장,1001284,서울중앙시장,127.01963859917295,37.566959648728094
R,전통시장,1001309,조양시장,127.06748167951677,37.538911952569784
R,전통시장,1001368,연서시장,126.92167346415707,37.619571231155106
R,전통시장,1001369,갈현시장,126.91740988335779,37.623739895187256
R,전통시장,1001370,역촌중앙시장,126.91622088862053,37.6132785892496
R,전통시장,1001371,대조시장,126.92685978763448,37.60950150921935
D,발달상권,1001098,포스코사거리_1,127.05400674639628,37.50896055541883
D,발달상권,1001099,포스코사거리_2,127.05624676889406,37.50973437396545
D,발달상권,1001100,강남구 논현역_3,127.02184113245826,37.512106377989184
D,발달상권,1001101,선정릉역_2,127.04620448208236,37.5119642098126
D,발달상권,1001102,서울 강남구 학동역_1,127.02947611581212,37.512618291870304
D,발달상권,1001103,코엑스,127.05975407071885,37.51107514837405
D,발달상권,1001104,삼성역_3,127.06388298678927,37.511703690470064
D,발달상권,1001055,서울 서초구 서초역,127.00894459146538,37.49331307953431
D,발달상권,1001056,서울 송파구 가락시장역,127.11918680395776,37.49393806173699
D,발달상권,1001027,가산디지털단지역_3,126.8864341433713,37.47843725502126
D,발달상권,1001028,서울 관악구 서울대입구역_2,126.95484171774832,37.48387123577071
D,발달상권,1001029,양재역_1,127.0317592337244,37.48195644871718
D,발달상권,1001011,서울 금천구 시흥1동_4,126.90151548643851,37.452943165976684
D,발달상권,1001054,서울 강남구 대치역_2,127.05970614658726,37.49350556247691
D,발달상권,1001012,양재 화물트럭터미널앞_1,127.03572950785127,37.46195288464275
D,발달상권,1001013,양재 화물트럭터미널앞_2,127.0369515023419,37.464484351736736
D,발달상권,1001014,양재동 꽃시장,127.04009514194523,37.466798926021674
D,발달상권,1001015,서울 금천구 독산1동_1,126.89647392543884,37.47001302761072
D,발달상권,1001016,서울 관악구 대학동_1,126.9397582692801,37.470457486755116
A,골목상권,1000155,아차산로78길,127.10782968128034,37.54628821661367
A,골목상권,1000156,용마산로21길,127.08506933925977,37.562704962308366
A,골목상권,1000157,용마산로3길,127.0848812735163,37.55656029984123
A,골목상권,1000158,자양로11길,127.08288695723225,37.53391961280386
A,골목상권,1000295,장월로1길,127.04486969357842,37.60613693311729
A,골목상권,1000296,장위로50길,127.05706191208294,37.61465502502365
A,골목상권,1000297,정릉로26길,127.01157380260076,37.60382034084606
R,전통시장,1001277,방산종합시장,127.0001245116387,37.56803346704922
R,전통시장,1001264,통인시장,126.96990837264661,37.580679598013624
R,전통시장,1001265,광장시장,126.99941138428245,37.56997060612632
R,전통시장,1001266,동대문종합시장,127.00809351482725,37.57042082785713
R,전통시장,1001267,종로신진시장,127.00529756952639,37.570366926707166
R,전통시장,1001268,충신시장,127.00571668026423,37.57410603671966
R,전통시장,1001269,동문시장,127.01112718531732,37.570537710296215
R,전통시장,1001270,창신골목시장,127.0115237287406,37.57285322980232
R,전통시장,1001272,신설종합시장,127.02098716952338,37.572662717784326
R,전통시장,1001286,후암시장,126.97628039005014,37.550632831653395
R,전통시장,1001287,신흥시장,126.98506315071423,37.54525530656243
R,전통시장,1001289,용문전통시장,126.96026355135787,37.53654590718111
R,전통시장,1001290,이촌종합시장,126.97476277019915,37.52060216517496
R,전통시장,1001291,이태원시장,126.98939870878053,37.53389416451648
D,발달상권,1001092,강남구 논현역_1,127.02194136821261,37.506772411794465
D,발달상권,1001093,신천역,127.08170705738294,37.51020604889543
D,발달상권,1001094,선정릉역_1,127.04683707408867,37.510666514453426
D,발달상권,1001095,강남구 논현역_2,127.02497287577978,37.50806925695847
R,전통시장,1001288,만리시장,126.96367337165762,37.55128735486901
D,발달상권,1001096,신도림역,126.89005341254958,37.50830905050998
D,발달상권,1001052,뱅뱅사거리_2,127.03248705054254,37.491696148423806
D,발달상권,1001053,서울 강남구 대치역_1,127.06176402022076,37.493288262855124
D,발달상권,1001022,관악구 사당역_2,126.98056555160662,37.47816587022181
D,발달상권,1001023,가산디지털단지역_2,126.88001831527892,37.48187276727416
D,발달상권,1001024,관악구 사당역_1,126.98318846514128,37.47817528262151
D,발달상권,1001025,서울 관악구 서울대입구역_1,126.95237888491067,37.48073475833174
D,발달상권,1001026,구로디지털단지역,126.88836389120875,37.4808087471651
D,발달상권,1001097,잠실역 롯데월드,127.09807487617543,37.51137390833691
D,발달상권,1001051,보라매공원,126.92504171914183,37.49117227142047
A,골목상권,1000067,원효로53길,126.962446852187,37.53733049201621
A,골목상권,1000068,원효로89길,126.96870217399656,37.54127869587752
A,골목상권,1000069,이촌로22길,126.9556649066854,37.52582235495916
A,골목상권,1000070,이태원로27길,126.9938110272278,37.53597578998269
A,골목상권,1000152,아차산로51길,127.08465871524909,37.53990099747856
A,골목상권,1000153,아차산로55길,127.08749813117429,37.53934931787935
A,골목상권,1000154,아차산로65길,127.09270717418437,37.54273310165684
R,전통시장,1001300,화양제일골목시장,127.06897896366658,37.54295657610217
R,전통시장,1001301,중곡제일시장,127.08122227894687,37.56381589690654
R,전통시장,1001302,면곡골목시장,127.08075472787203,37.571069232038916
R,전통시장,1001303,신성골목시장,127.08836862482477,37.557882207018466
R,전통시장,1001304,자양골목시장,127.0796741157871,37.53425519432588
R,전통시장,1001305,자양종합시장,127.07640188035896,37.531851684331734
R,전통시장,1001306,노룬산골목시장,127.06496777853715,37.53659779184103
R,전통시장,1001307,능동로골목시장,127.06674282679104,37.535110151175616
R,전통시장,1001308,영동교골목시장,127.06397332818047,37.53803092517618
R,전통시장,1001273,남대문시장,126.97839392940769,37.55986846331072
R,전통시장,1001274,신중부시장,127.00026033405094,37.56560077788206
R,전통시장,1001275,인현시장,126.9950651264428,37.56325808472952
R,전통시장,1001276,평화시장,127.00803675030764,37.56887111952541
D,발달상권,1001069,은마아파트입구사거리_3,127.0597331901952,37.49906475931724
D,발달상권,1001070,은마아파트입구사거리_4,127.06181458398488,37.499757463225556
D,발달상권,1001071,서울 강남구 한티역,127.05358055707585,37.4981757139442
D,발달상권,1001165,서울 광진구 건대입구역_2,127.06960014021577,37.54169481234147
D,발달상권,1001166,서울 마포구 마포역_2,126.94518974329746,37.54054031359572
D,발달상권,1001167,서울 마포구 공덕역_1,126.95159252793033,37.542939770927525
D,발달상권,1001089,삼정역_1,127.03644114171418,37.5075436928838
D,발달상권,1001090,삼정역_2,127.03522007445697,37.50844506812788
D,발달상권,1001091,삼성역_2,127.06513556420268,37.50835126987693
A,골목상권,1000277,보문로32길,127.0201317226878,37.59074580858601
A,골목상권,1000278,삼선교로10길,127.00966905845232,37.58680979195958
A,골목상권,1000279,삼선교로10다길,127.00875172189099,37.584692529974156
A,골목상권,1000280,삼선교로16가길,127.01154815247764,37.58440397169849
A,골목상권,1000064,우사단로4길,126.99850660509166,37.53071409672035
A,골목상권,1000065,원효로19길,126.95359008797688,37.53319175044001
A,골목상권,1000066,원효로41길,126.95677968602872,37.53482377237657
R,전통시장,1001298,성동용답상가시장,127.05234838492093,37.563606981029494
R,전통시장,1001311,동부청과시장,127.042973192155,37.57735995363057
R,전통시장,1001314,경동시장,127.03902330140541,37.57930747265717
R,전통시장,1001315,동서시장,127.0414123248943,37.57985626500525
R,전통시장,1001316,서울약령시장,127.03750771415709,37.58213708424978
R,전통시장,1001317,청량리농수산물시장,127.04118657439247,37.58107268555848
R,전통시장,1001318,청량리전통시장,127.04263552493434,37.58078385313969
R,전통시장,1001319,청량리종합시장,127.04037056666714,37.57944216868575
R,전통시장,1001320,전농로터리시장,127.05672804457532,37.57770553283901
R,전통시장,1001312,용두시장,127.02976243882634,37.578481256301714
R,전통시장,1001313,청량리수산시장,127.04150198792094,37.57822543442258
R,전통시장,1001321,답십리현대시장,127.0594816021787,37.56677510875752
R,전통시장,1001299,한아름시장,127.06989605257513,37.54353267640729
D,발달상권,1001085,서울 서초구 강남역,127.03054633381461,37.50203121152806
D,발달상권,1001086,고속터미널역,127.00585841327658,37.50474704248736
D,발달상권,1001087,서울 강남구 선릉역_2,127.04531799918914,37.5049457261733
D,발달상권,1001088,삼성역_1,127.06036130395252,37.50667793699712
D,발달상권,1001066,서울 강남구 강남역,127.03048734774165,37.49603052520305
D,발달상권,1001067,오류동역,126.84279231806514,37.49548836626892
D,발달상권,1001068,은마아파트입구사거리_2,127.06235680520315,37.49902736333295
A,골목상권,1000293,인촌로5길,127.02056152342301,37.589069888712466
A,골목상권,1000294,인촌로6길,127.02135234042038,37.582933986288175
A,골목상권,1000212,천호대로77길,127.06267116438009,37.56389928147714
A,골목상권,1000213,천호대로97길,127.07043465104928,37.56275063990482
A,골목상권,1000214,한천로14길,127.06539036288811,37.56702426272567
A,골목상권,1000215,한천로33길,127.06708618306541,37.57736673299129
A,골목상권,1000273,보국문로16길,127.01022736468003,37.61256006404193
A,골목상권,1000274,보문로13길,127.02084206689122,37.58004188788441
A,골목상권,1000370,방학로15길,127.02417349329981,37.659391247274804
A,골목상권,1000371,방학로5길,127.0376147199963,37.6597391098479
A,골목상권,1000372,방학로6가길,127.03731107439158,37.664433318720725
A,골목상권,1000373,삼양로144길,127.0138927944061,37.65090565207283
A,골목상권,1000374,시루봉로23길,127.04246146636115,37.67289178170675
A,골목상권,1000369,방학로10길,127.03378616624471,37.664263194655284
A,골목상권,1000375,우이천로32길,127.02536033944621,37.65019196760325
R,전통시장,1001326,회기시장,127.05557197790903,37.59111286011739
R,전통시장,1001327,이경시장,127.0660939710493,37.594702394355956
R,전통시장,1001328,이문제일시장,127.06241081007137,37.60455222823274
R,전통시장,1001329,동부골목시장,127.07690536552167,37.59243435616141
R,전통시장,1001330,동원시장,127.09072759033637,37.58990176352666
R,전통시장,1001331,면목골목시장,127.08483757281584,37.57790491668716
R,전통시장,1001285,합동(새벽)시장,126.9675964607861,37.56008223294128
R,전통시장,1001294,마장축산물시장,127.04036558148313,37.57020697550748
R,전통시장,1001295,행당시장,127.03339991642562,37.5609559222069
R,전통시장,1001296,금남시장,127.02229309489861,37.5485427930209
R,전통시장,1001297,뚝도시장,127.05450305757522,37.538215875787564
D,발달상권,1001115,서울 강남구 강남구청역_2,127.03797273360779,37.51687761404692
D,발달상권,1001116,영등포역_1,126.91036717468776,37.51724614982384
D,발달상권,1001117,강남구 신사역_2,127.02358450208524,37.51689938344783
D,발달상권,1001118,문래동 주민센터,126.89865048270202,37.51570497175981
D,발달상권,1001119,영등포역_2,126.90870310352355,37.51829003889983
D,발달상권,1001082,선릉역_2,127.05303059892454,37.50406854038104
D,발달상권,1001083,서울 송파구 석촌역_2,127.10771546251011,37.506211765399414
D,발달상권,1001084,서울 강남구 선릉역_1,127.0501366139763,37.50596191517426
A,골목상권,1000210,천호대로17길,127.03235395138553,37.57627313855811
A,골목상권,1000211,천호대로45길,127.0428700872885,37.57523364435813
A,골목상권,1000221,휘경로3길,127.06305037536431,37.597506142343825
A,골목상권,1000289,인촌로17가길,127.02367473340867,37.587627717199915
A,골목상권,1000290,인촌로1길,127.01898726015551,37.58731321683226
A,골목상권,1000291,개운사길,127.02948317032062,37.58799581628684
A,골목상권,1000292,인촌로24길,127.02948154992718,37.583887288845645
A,골목상권,1000541,은행정로7길,126.85739611676023,37.52268117800541
A,골목상권,1000767,성대로29길,126.93775522087222,37.50030685098623
A,골목상권,1000768,신대방길,126.91035569603737,37.48900863315044
A,골목상권,1000769,양녕로26길,126.94386486112785,37.49659776645975
A,골목상권,1000422,증산로13길,126.91124462810645,37.58813731822375
A,골목상권,1000423,증산로15길,126.90797022923144,37.589972834790295
D,발달상권,1001107,방이동 먹자골목,127.10889191070606,37.51414853328456
D,발달상권,1001108,학동역,127.02923926253403,37.51434827848273
D,발달상권,1001109,강남구 논현역_4,127.01884405684132,37.513233149366116
D,발달상권,1001110,잠실역,127.10251412658317,37.515370595472554
D,발달상권,1001111,서울 강남구 강남구청역_1,127.03939736285625,37.515696832760256
D,발달상권,1001112,서울 강남구 학동역_3,127.032859340062,37.51552764185954
D,발달상권,1001113,서울 동작구 노량진1동_1,126.94192832963913,37.51479713410462
D,발달상권,1001106,서울 강남구 학동역_2,127.03309631639786,37.51425716032486
D,발달상권,1001114,강남구 신사역_1,127.01744225292678,37.516476978521275
A,골목상권,1000057,백범로79길,126.96414244508179,37.540664719468126
A,골목상권,1000058,백범로90길,126.96920179536595,37.537017096743355
A,골목상권,1000059,서빙고로71길,126.99518095335578,37.522226568276366
A,골목상권,1000060,소월로20길,126.9854481136523,37.544093065551614
A,골목상권,1000061,신흥로20길,126.98339932333285,37.54708411245787
A,골목상권,1000207,제기로5길,127.03554041245376,37.58764276076928
A,골목상권,1000208,천장산로7길,127.05621157396709,37.59845563809562
A,골목상권,1000209,천호대로12길,127.02917127826196,37.5721293920996
A,골목상권,1000017,종로24길,126.99357054630521,37.56949290492456
A,골목상권,1000018,종로58가길,127.01641387029004,37.5724652233214
A,골목상권,1000734,국사봉2길,126.92915191479477,37.497292644093235
A,골목상권,1000735,국사봉길,126.93227440783444,37.49581682480193
A,골목상권,1000736,노량진로6길,126.93585862453325,37.509649260534246
A,골목상권,1000737,대방동27길,126.92413603125908,37.503416369379046
A,골목상권,1000016,자하문로7길,126.97032788817815,37.579084945049864
A,골목상권,1000557,강서로29길,126.83962317807557,37.5390926304854
A,골목상권,1000558,강서로35길,126.83617562763787,37.54267387376026
D,발달상권,1001206,서대문구 서대문역_2,126.96533038633753,37.5654064785061
D,발달상권,1001207,서울 중구 신당역_2,127.01451101537104,37.56674415130659
D,발달상권,1001208,서울 중구 을지로3가역_2,126.99183889984383,37.567375458126826
D,발달상권,1001252,서울 강북구 미아삼거리역_2,127.02881356920899,37.613241741161524
D,발달상권,1001253,서울 은평구 연신내역_1,126.92072366711517,37.61799386836105
D,발달상권,1001254,서울 은평구 연신내역_2,126.91919334022509,37.619110055177416
D,발달상권,1001256,서울 강북구 수유역_1,127.0259905098279,37.637551023691216
D,발달상권,1001257,서울 강북구 수유역_2,127.02469928811556,37.638677532281505
D,발달상권,1001258,등나무근린공원 주변,127.06834390645679,37.64048932162238
D,발달상권,1001073,서울 강남구 역삼역_1,127.03513580196903,37.49756094530638
D,발달상권,1001074,대림역_2,126.89136868065157,37.49823702924885
D,발달상권,1001075,역삼역_2,127.03984200001061,37.50099228539394
D,발달상권,1001076,구로역,126.88282521165559,37.50169773583195
D,발달상권,1001077,선릉역_1,127.04665136697915,37.50305309570304
D,발달상권,1001078,서울 강남구 강남역_2,127.02460858111792,37.500852279982624
D,발달상권,1001079,석촌역,127.1067970648228,37.50459980053519
D,발달상권,1001080,서울 송파구 석촌역_1,127.10839285676943,37.505382221328844
D,발달상권,1001105,서울 동작구 노량진역,126.94413544871195,37.51287005026374
R,전통시장,1001453,낙성대시장,126.95614529124497,37.478186360298345
R,전통시장,1001454,봉천제일종합시장,126.94513140169676,37.48114607911253
R,전통시장,1001474,도곡시장,127.05146536353854,37.497491889528554
R,전통시장,1001475,강남개포시장,127.06857899426316,37.4892209605042
R,전통시장,1001412,화곡본동시장,126.84387997962435,37.54336005991937
R,전통시장,1001413,까치산시장,126.84718342094965,37.53260644735189
R,전통시장,1001414,송화골목시장,126.8355499326782,37.549349400157496
R,전통시장,1001452,중부시장,126.9561868577655,37.48444838766603
R,전통시장,1001415,방신전통시장,126.81249971700942,37.57141647103649
R,전통시장,1001416,공항시장,126.80827778869678,37.56245380394414
R,전통시장,1001423,독산동 우시장,126.89656865609972,37.46689561401844
R,전통시장,1001424,남문시장,126.90110393234676,37.47366608412182
R,전통시장,1001425,푸른터시장,126.90141469620585,37.47806327000343
R,전통시장,1001426,대명시장,126.90225984966358,37.45414213105496
R,전통시장,1001427,현대시장,126.90285502359515,37.45710695313222
R,전통시장,1001428,박미시장,126.90511428958015,37.44018775231593
R,전통시장,1001429,은행나무시장,126.90955308248324,37.45130974656838
R,전통시장,1001470,강남시장_강남,127.02068927514331,37.51878302313746
R,전통시장,1001372,녹번시장,126.93111468202547,37.60101674508633
R,전통시장,1001373,신응암시장,126.91859746125807,37.59424233344807
R,전통시장,1001374,대림골목시장,126.91729187738939,37.58709655913414
R,전통시장,1001480,새마을시장,127.0848726886618,37.50905053111977
R,전통시장,1001440,노량진중앙시장,126.94466759306434,37.51214949746151
R,전통시장,1001441,본동인정시장,126.95062862297279,37.51178272773113
R,전통시장,1001442,신노량진시장,126.93969378175139,37.50849799489977
R,전통시장,1001443,강남시장_동작,126.95338637006387,37.496926269463664
R,전통시장,1001444,상도전통시장,126.95211839196251,37.499160258075925
R,전통시장,1001445,영도시장,126.94048883861987,37.50429070468034
R,전통시장,1001446,성대시장,126.93130958566624,37.49976267532012
R,전통시장,1001375,증산종합시장,126.9052406811303,37.58168154241062
R,전통시장,1001376,수일시장,126.89514009560585,37.58309657123013
R,전통시장,1001460,관악신사시장,126.9168492077524,37.486193227434136
R,전통시장,1001461,신림종합시장,126.91706574140883,37.484652655765515
R,전통시장,1001462,강남골목시장,126.90482315982237,37.48267021970608
R,전통시장,1001463,신림중앙시장,126.91156103487882,37.483270120843244
R,전통시장,1001464,삼성동시장,126.93235351152966,37.47079586369996
R,전통시장,1001465,신신림시장,126.93207096293314,37.470723620775374
R,전통시장,1001466,미성동도깨비시장,126.91652327335214,37.47426363978531
R,전통시장,1001467,우림시장,126.92038259407276,37.470220767707396
R,전통시장,1001437,영진시장A동,126.91574783969705,37.500356275629656
R,전통시장,1001438,우리시장,126.90478250163052,37.49688808313275
R,전통시장,1001439,대림중앙시장,126.8993625214185,37.49085585548586
R,전통시장,1001417,구로시장,126.88535527454034,37.48899602857642
R,전통시장,1001418,남구로시장,126.88632600764929,37.49011421556487
R,전통시장,1001419,가리봉시장,126.88934638801426,37.48157552865785
R,전통시장,1001420,고척근린시장,126.85047972168441,37.50227390723682
R,전통시장,1001421,개봉중앙시장,126.85382410663608,37.49229494899715
R,전통시장,1001422,오류시장,126.84320850019292,37.4965521062622
R,전통시장,1001476,풍납시장,127.11950472491671,37.53731203581922
R,전통시장,1001477,마천시장,127.15081258039989,37.49816368040746
R,전통시장,1001478,방이시장,127.11550426550131,37.511141909920795
R,전통시장,1001479,석촌시장,127.10675673425273,37.50010382025705
R,전통시장,1001396,목4동시장,126.8663621605051,37.53798164771059
R,전통시장,1001397,신영시장,126.8358121436197,37.53298762561853
R,전통시장,1001398,월정로시장,126.83410380550193,37.53295820818282
R,전통시장,1001447,상도4동도깨비골목시장,126.93739224199498,37.501613117638286
R,전통시장,1001448,흑석시장,126.96334408978656,37.507291345048834
R,전통시장,1001449,남성사계시장,126.98083431710904,37.488230181096164
A,골목상권,1000429,진흥로12길,126.9277342144779,37.60706036670427
U,관광특구,1001494,종로?청계 관광특구,126.9973738673892,37.56999760824763
A,골목상권,1000428,증산서길,126.90377107036376,37.58000450575789
U,관광특구,1001495,잠실 관광특구,127.11527494608232,37.516476074884736
U,관광특구,1001496,강남 마이스 관광특구,127.06005939988393,37.51100291317695
U,관광특구,1001491,이태원 관광특구,126.9943768625423,37.534435107014495
U,관광특구,1001492,명동 남대문 북창동 다동 무교동 관광특구,126.98185620077636,37.56414878012366
U,관광특구,1001493,동대문패션타운 관광특구,127.0110248333143,37.567312155725965
A,골목상권,1000430,진흥로1길,126.91871208747018,37.60336944901489
A,골목상권,1000431,통일로69길,126.92571471010943,37.610708119369015
A,골목상권,1000056,두텁바위로1길,126.97457287097093,37.54683927198612
A,골목상권,1000229,동일로101길,127.07769398957878,37.58860462341453
A,골목상권,1000230,동일로112길,127.08320262607371,37.59397078080392
A,골목상권,1000757,상도로15길,126.93501551429384,37.50368414690677
A,골목상권,1000758,상도로37길,126.95088449592812,37.50104285410253
A,골목상권,1000860,바우뫼로39길,127.03971848311485,37.48130531480553
A,골목상권,1000861,반포대로9길,127.00750739114912,37.482419993139004
A,골목상권,1000526,목동중앙본로7길,126.86692477140046,37.539739232171726
D,발달상권,1001183,서울 마포구 홍대입구역_2,126.92109352670089,37.55735732147435
D,발달상권,1001184,서울 마포구 홍대입구역_3,126.92333446050796,37.557313747967584
D,발달상권,1001185,서울 서대문구 신촌역,126.93691538021643,37.55757406448484
D,발달상권,1001186,서울 서대문구 이대역,126.9445770033612,37.55815454767511
D,발달상권,1001187,한양시장,127.0401110047552,37.55986362680572
D,발달상권,1001188,장충동 족발거리,127.00534212594894,37.56025774806399
D,발달상권,1001189,서울 중구 명동역,126.98500367628748,37.55970730840533
D,발달상권,1001190,장한평역,127.06094513612403,37.55702557991167
D,발달상권,1001192,서울 중구 충무로역_1,126.99606129257226,37.56066325181778
D,발달상권,1001199,서울 중구 충무로역_2,126.9927448740907,37.56280746670614
D,발달상권,1001200,북창동,126.97761208939609,37.56286863673056
D,발달상권,1001201,서울 중구 신당역_1,127.0177477768051,37.56469844803883
D,발달상권,1001202,롯데백화점,126.9806676306135,37.56458106969132
D,발달상권,1001203,명동거리,126.98424475124476,37.562653468975135
D,발달상권,1001231,서울 동대문구 신설동역_2,127.02517659661547,37.57577934050503
D,발달상권,1001232,서울 종로구 종로3가역_2,126.98977817114893,37.572096513877035
A,골목상권,1000267,돌곶이로8길,127.06335320307329,37.60742588348046
A,골목상권,1000334,삼양로93길,127.01572596156568,37.63864303017881
A,골목상권,1000354,덕릉로60길,127.04130792224095,37.63674477842653
A,골목상권,1000355,도당로13가길,127.03717620496198,37.66671284257849
A,골목상권,1000356,도당로13바길,127.03515902215479,37.66736216707682
A,골목상권,1000357,도당로19길,127.03960307518072,37.669252817345985
A,골목상권,1000358,도당로29길,127.04239125677259,37.66902660318552
A,골목상권,1000364,도봉로156길,127.04542006560817,37.673097904789245
A,골목상권,1000365,도봉로169나길,127.04350697740028,37.67747738506909
A,골목상권,1000366,도봉로181길,127.04373781480994,37.684495921126555
A,골목상권,1000367,도봉산4길,127.04217594337709,37.689127514245925
A,골목상권,1000368,도봉산길,127.04253750691423,37.686956029127124
A,골목상권,1000039,명동길,126.98661001352993,37.564266544496604
A,골목상권,1000040,삼일대로4길,126.98954172783117,37.562987425720145
A,골목상권,1000662,독산로50길,126.90982200316428,37.46265369829356
A,골목상권,1000835,청림3길,126.95901060703942,37.489765348462136
A,골목상권,1000836,행운1길,126.95656147834477,37.481853621125296
A,골목상권,1000527,목동중앙북로16길,126.8737171287499,37.54444089656477
A,골목상권,1000528,목동중앙북로8길,126.86456985259905,37.5467733559917
A,골목상권,1000288,오패산로4길,127.0396136713204,37.60384128986315
A,골목상권,1000315,노해로17길,127.02045104169558,37.64044427527613
A,골목상권,1000316,노해로23길,127.02161928375925,37.64468770301958
A,골목상권,1000106,성덕정17길,127.05733051112871,37.53661075646308
A,골목상권,1000107,성덕정길,127.04803152510412,37.53898453541316
A,골목상권,1000108,성수이로18길,127.05986919094289,37.541907376687995
A,골목상권,1000522,목동로9길,126.86306243564994,37.52332759499309
A,골목상권,1000523,목동중앙남로3가길,126.86462951836363,37.538808593888895
A,골목상권,1000524,목동중앙로13나길,126.88081092016019,37.54515104884121
A,골목상권,1000525,목동중앙로3길,126.86849031449037,37.537416407019954
A,골목상권,1000753,사당로29길,126.97775951288064,37.48569780952258
A,골목상권,1000842,원신길,126.93023235877796,37.46637967766215
A,골목상권,1000843,소담길,126.94290660614242,37.47784733154067
A,골목상권,1000658,금하로24길,126.90841545320572,37.448164333335114
A,골목상권,1000659,남부순환로112길,126.89359179590627,37.47763300963266
A,골목상권,1000660,독산로108길,126.90739346743642,37.47961784276154
A,골목상권,1000661,독산로40길,126.90667104209585,37.46050684398226
A,골목상권,1000171,답십리로23길,127.05094355408913,37.578275797131816
A,골목상권,1000172,답십리로56길,127.05849933977825,37.56996512379338
A,골목상권,1000173,답십리로60길,127.06306047052843,37.569205939471885
A,골목상권,1000174,답십리로63길,127.06874855342537,37.5754466587781
A,골목상권,1000197,장한로26가길,127.07039479483382,37.568508027548404
A,골목상권,1000198,장한로26길,127.0745854703162,37.57104626101179
A,골목상권,1000199,장한로27가길,127.07070676158624,37.57522025354092
A,골목상권,1000200,장한로27길,127.06942580898604,37.57332892517214
A,골목상권,1000150,면목로17길,127.0812849319312,37.56939301719115
A,골목상권,1000151,아차산로40길,127.0779903195285,37.53618445942761
A,골목상권,1000770,여의대방로22길,126.92452692869207,37.49708254841206
A,골목상권,1000771,여의대방로22나길,126.92206213192026,37.49663945489326
A,골목상권,1000772,여의대방로22카길,126.92661988515128,37.49618286054437
A,골목상권,1000773,여의대방로24길,126.92350751754007,37.49869469391352
A,골목상권,1000633,구로중앙로19길,126.88866101936652,37.49390967822303
A,골목상권,1000872,서초대로4길,126.9853468157354,37.48346449312948
A,골목상권,1000873,서초대로64길,127.02101020541649,37.493410660680794
A,골목상권,1000176,답십리로68길,127.068211163444,37.56959951382214
A,골목상권,1000177,답십리로69길,127.07307338608646,37.575912577998345
A,골목상권,1000178,답십리로72길,127.07208124072096,37.56837186060303
A,골목상권,1000179,망우로18가길,127.06038070920854,37.58686682402003
A,골목상권,1000180,망우로18길,127.06163890939814,37.588623109211575
A,골목상권,1000181,망우로21길,127.0612327957813,37.59044332502572
A,골목상권,1000183,무학로45길,127.02832535003661,37.58021151828
A,골목상권,1000184,사가정로13길,127.05904968417452,37.57883964682495
A,골목상권,1000185,사가정로23가길,127.0710509769168,37.58006739496743
A,골목상권,1000186,사가정로2길,127.0530426888096,37.56906670616811
A,골목상권,1000187,서울시립대로16길,127.05379670314815,37.57870700850366
A,골목상권,1000188,서울시립대로29길,127.0546963036201,37.58588751275382
A,골목상권,1000347,한천로124나길,127.03098716938862,37.63809941803449
A,골목상권,1000222,겸재로29길,127.08622084620522,37.58958078442301
A,골목상권,1000223,겸재로36길,127.08619490757957,37.5867246575305
A,골목상권,1000224,겸재로54길,127.09135827151533,37.587135230742064
A,골목상권,1000329,삼양로24길,127.02344630499515,37.61738747652263
A,골목상권,1000232,동일로130길,127.08232598119245,37.599926946387306
A,골목상권,1000233,동일로139가길,127.07798267735807,37.60484930281733
A,골목상권,1000234,동일로139길,127.07616868735616,37.60286830942322
A,골목상권,1000634,구로중앙로28길,126.8879168952626,37.49999977609888
A,골목상권,1000635,구로중앙로34길,126.88626338473544,37.501583965443814
A,골목상권,1000119,왕십리로31길,127.02820592031425,37.563723336738825
A,골목상권,1000120,왕십리로6길,127.04673478907152,37.546148002048106
A,골목상권,1000121,용답29길,127.05375284511231,37.564939824315275
A,골목상권,1000122,용답중앙길,127.05067478128461,37.56588723144022
A,골목상권,1000123,장터길,127.0186944490346,37.54828212797034
A,골목상권,1000182,무학로16길,127.03208008759509,37.57120962246717
A,골목상권,1000341,오패산로52길,127.03231872732951,37.62571050457308
A,골목상권,1000226,공릉로2길,127.07923566963495,37.61169598721768
A,골목상권,1000227,답십리로75길,127.08155076069042,37.57442038535341
A,골목상권,1000248,면목로78길,127.08967642136246,37.59142524325744
A,골목상권,1000249,봉우재로33길,127.08794761096189,37.59446288587133
A,골목상권,1000251,봉화산로4길,127.07565590943814,37.59973319256304
A,골목상권,1000252,봉화산로56길,127.09747348397731,37.6054655073615
A,골목상권,1000253,사가정로42길,127.0827669976751,37.57891549974158
A,골목상권,1000254,사가정로54길,127.08851822568079,37.579100535942636
A,골목상권,1000255,신내로7가길,127.0935962611825,37.60218904258548
A,골목상권,1000363,도봉로152가길,127.04568222735578,37.675467379316665
A,골목상권,1000235,동일로140길,127.08041736496868,37.604712520473065
A,골목상권,1000236,동일로149길,127.07479103053134,37.60679750641733
A,골목상권,1000237,동일로157길,127.07700278771155,37.610057665403176
A,골목상권,1000654,가산로3길,126.89055967610648,37.47140426383428
A,골목상권,1000655,가산로5길,126.89225281013455,37.47318981952748
A,골목상권,1000656,금하로14길,126.90432016043654,37.45152186917577
A,골목상권,1000657,금하로1길,126.89090265267811,37.45320414950866
A,골목상권,1000124,청계천로10나길,127.03549836462217,37.570622997203614
A,골목상권,1000077,한강대로104길,126.9742434938409,37.55036210539663
A,골목상권,1000078,한강대로15길,126.96340274639695,37.52614035691026
A,골목상권,1000102,사근동길,127.04580441680068,37.56060938269289
A,골목상권,1000103,상원12길,127.04849159416436,37.55052614710572
A,골목상권,1000104,상원길,127.049712313555,37.548309183216844
A,골목상권,1000105,서울숲2길,127.04246916012495,37.5469875422686
A,골목상권,1000250,봉화산로30길,127.08510083713035,37.600330423961964
A,골목상권,1000936,학동로38길,127.03428332775769,37.512824225380285
A,골목상권,1000609,개봉로11길,126.85360604021459,37.488150047468245
A,골목상권,1000610,개봉로17길,126.85296620024447,37.491537038862276
A,골목상권,1000505,토정로37길,126.94327662843149,37.54168367978505
A,골목상권,1000506,효창원로93길,126.96085733573693,37.54779959075825
A,골목상권,1000974,동남로65길,127.15460192163133,37.547957148510996
A,골목상권,1000739,동작대로17길,126.97942223598494,37.48342756947013
A,골목상권,1000740,동작대로29길,126.97815440887648,37.48859011911733
A,골목상권,1000741,동작대로33길,126.98069816024963,37.49005920470788
A,골목상권,1000742,동작대로35길,126.97939722543985,37.4921583324091
A,골목상권,1000743,동작대로7길,126.97845130330151,37.47847184675798
A,골목상권,1000744,등용로14길,126.93394536284316,37.51169348596874
A,골목상권,1000844,강남대로23길,127.03692313524903,37.47575600377199
A,골목상권,1000712,선유서로25길,126.88375131049136,37.524385922645855
A,골목상권,1000511,곰달래로5길,126.83173557945085,37.534567647584055
A,골목상권,1000512,남부순환로33길,126.83087928776604,37.53799022272755
A,골목상권,1000513,남부순환로40길,126.82746018782478,37.53397582862529
A,골목상권,1000514,남부순환로58길,126.83047739046283,37.5305924376686
A,골목상권,1000515,남부순환로70길,126.83460059506345,37.52317403571121
A,골목상권,1000516,남부순환로79길,126.84166306118632,37.51616490766044
A,골목상권,1000922,삼성로69길,127.05706604455409,37.50134562294793
A,골목상권,1000923,삼성로75길,127.05603827126373,37.50316614641637
A,골목상권,1000924,선릉로121길,127.04094589237938,37.51364201738336
A,골목상권,1000925,선릉로132길,127.04401417298666,37.51874059417037
A,골목상권,1000926,선릉로133길,127.03812042026154,37.51812996119668
A,골목상권,1000927,선릉로146길,127.04376752403279,37.52252489801451
A,골목상권,1000597,양천로73가길,126.87486100742207,37.550613952666644
A,골목상권,1000799,남부순환로234길,126.95776242309152,37.477439111595785
A,골목상권,1000471,마포대로12길,126.9547016029911,37.54735590033695
A,골목상권,1000472,마포대로20길,126.95739259068313,37.55130327549424
A,골목상권,1001006,천호대로197길,127.14749852909215,37.53808227877936
A,골목상권,1001007,천호대로219길,127.17171081211951,37.54743795968648
A,골목상권,1001008,천호옛14길,127.12467353262433,37.53613539211912
A,골목상권,1001009,천호옛길,127.12360629191559,37.53390203344808
A,골목상권,1001010,풍성로37가길,127.1283449649351,37.53277973804337
A,골목상권,1000787,국회단지길,126.94119091350738,37.48874869358056
A,골목상권,1000543,중앙로32길,126.86104155114711,37.521144809695734
A,골목상권,1000564,강서로5나길,126.84210073963199,37.52854525851174
A,골목상권,1000565,강서로5라길,126.85440692631573,37.52990356182328
A,골목상권,1000566,강서로8길,126.85026673057511,37.52963709501543
A,골목상권,1000567,개화동로23길,126.80868723570073,37.56610349784224
A,골목상권,1000568,개화동로25길,126.80833011005501,37.564120729902115
A,골목상권,1000569,곰달래로25길,126.84871180904096,37.5321038549821
A,골목상권,1000730,영등포로80길,126.91999888417823,37.512027245087346
A,골목상권,1000794,난향길,126.91688638021704,37.46283908026488
A,골목상권,1000795,남부순환로142길,126.91303438960126,37.4802348153703
A,골목상권,1000796,남부순환로151길,126.91590237986556,37.483561613379095
A,골목상권,1000797,남부순환로161길,126.9196442915453,37.48405977215567
A,골목상권,1000798,남부순환로172길,126.92143243386931,37.48243014944443
A,골목상권,1000955,송이로23길,127.1259415811924,37.496246640166866
A,골목상권,1000782,관악로28길,126.95856094823996,37.48498984923107
A,골목상권,1000783,관악로30길,126.9589558742335,37.486467640611004
A,골목상권,1000784,관천로15길,126.9201722481057,37.48730375915678
A,골목상권,1000785,관천로22길,126.92463719748999,37.488631173015754
A,골목상권,1000889,개포로17길,127.04695373653372,37.48022145028157
A,골목상권,1000890,개포로20길,127.04748312205031,37.477067706137106
A,골목상권,1000747,사당로16가길,126.97049027938027,37.48304725258045
A,골목상권,1000442,세무서길,126.94646653283844,37.59052815738706
A,골목상권,1000959,양재대로62길,127.11827739033224,37.49808360438827
A,골목상권,1000960,양재대로64길,127.12207881214849,37.49913391400389
A,골목상권,1000961,양재대로71길,127.1255471729132,37.51058205013435
A,골목상권,1000962,양재대로72길,127.12862175099153,37.509479517368504
A,골목상권,1000963,오금로11길,127.11162723174702,37.51283051464797
A,골목상권,1000964,오금로36길,127.12502329265395,37.501644639853374
A,골목상권,1000665,독산로78다길,126.90434158807216,37.47019085060436
A,골목상권,1000941,동남로20길,127.1350224910562,37.49639879138429
A,골목상권,1000942,마천로51길,127.15181636854365,37.49683791633888
A,골목상권,1000943,백제고분로21길,127.09079514621061,37.50562230939844
A,골목상권,1000944,백제고분로22길,127.08830280990712,37.50207423806504
A,골목상권,1000945,백제고분로31길,127.09505799073457,37.50487112179878
A,골목상권,1000946,백제고분로32길,127.09440762096847,37.5003305761075
A,골목상권,1000956,송이로32길,127.12675413397601,37.48857820404381
A,골목상권,1000957,송이로36길,127.12538957311503,37.483975511021384
A,골목상권,1000958,송파대로30길,127.12040011809141,37.49602716621824
A,골목상권,1000467,동교로19길,126.91700706890093,37.55807531741908
A,골목상권,1000468,동교로25길,126.91966579527917,37.55895112338144
A,골목상권,1000469,동교로27길,126.9211692664366,37.56066403061256
A,골목상권,1000591,양천로14길,126.80934235042974,37.57108705631895
A,골목상권,1000748,사당로16길,126.97204008280603,37.480831147704706
A,골목상권,1000749,사당로20길,126.97569184173015,37.48114730857912
A,골목상권,1000750,사당로23길,126.97264763480986,37.488994426069816
A,골목상권,1000751,사당로23나길,126.97518111723743,37.48703979822581
A,골목상권,1000852,논현로27길,127.04114169347028,37.47881804265325
A,골목상권,1000931,영동대로112길,127.06277781895304,37.51562364995351
A,골목상권,1000932,영동대로65길,127.06235983986257,37.502676435448144
A,골목상권,1000933,일원로3길,127.0842437390521,37.49285990847299
A,골목상권,1000978,상암로14길,127.12824640463313,37.54789861453396
A,골목상권,1000979,상암로4길,127.12572370145827,37.548378856521865
A,골목상권,1000980,상암로51길,127.14543568765576,37.54789671418941
A,골목상권,1000981,상암로5길,127.1278021266924,37.55280052449069
A,골목상권,1000982,상일로5길,127.17085525307012,37.54939436568936
A,골목상권,1000983,성내로5길,127.12326271834269,37.53137959089852
A,골목상권,1000697,대림로7길,126.90403473668073,37.48914782911818
A,골목상권,1000698,대림로8길,126.90595433618377,37.49125772985235
A,골목상권,1000603,화곡로13길,126.83305508023177,37.54155226492106
A,골목상권,1000488,신촌로12길,126.932198442708,37.55478736814266
A,골목상권,1000489,신촌로28가길,126.95020339547287,37.5559406013126
A,골목상권,1000490,신촌로30길,126.95240995740212,37.55646408982749
A,골목상권,1000491,양화로11길,126.9157006177049,37.5523890981138
A,골목상권,1000507,가로공원로58길,126.82541440520858,37.533089842065635
A,골목상권,1000508,곰달래로10길,126.83808563513176,37.52803526166186
A,골목상권,1000509,곰달래로2길,126.83508818679427,37.52778784396961
A,골목상권,1000592,양천로24가길,126.81362944100913,37.57231925381025
A,골목상권,1000593,양천로24길,126.81527604573724,37.57020450587732
A,골목상권,1000594,양천로26길,126.82244842454912,37.571981459206654
A,골목상권,1000595,양천로49길,126.84025660970605,37.570997785646874
A,골목상권,1000596,양천로71길,126.87323809793509,37.55335125426155
A,골목상권,1000921,삼성로64길,127.0631951756804,37.5008289298123
A,골목상권,1000934,일원로9길,127.0845238366623,37.49055313013716
A,골목상권,1000935,테헤란로81길,127.05677902087957,37.51060809364278
A,골목상권,1000968,고덕로10길,127.12945441068602,37.55280773450696
A,골목상권,1000969,고덕로25길,127.13477822431202,37.55550476919011
A,골목상권,1000970,고덕로61길,127.1515927855899,37.5596109422656
A,골목상권,1000971,구천면로36길,127.13392892492763,37.542576414505184
A,골목상권,1000972,구천면로41길,127.1318095211643,37.547056762531064
A,골목상권,1000973,구천면로42길,127.13643385521179,37.54489812377455
A,골목상권,1000718,신길로60길,126.91333563558014,37.51306770877023
A,골목상권,1000719,양평로19길,126.89499139193177,37.53579411539009
A,골목상권,1000720,양평로22라길,126.89430699942264,37.53971285464335
A,골목상권,1000721,양평로28길,126.89069468032227,37.54166473514251
A,골목상권,1000722,여의대방로35길,126.91868685199033,37.50158370298455
A,골목상권,1000723,여의대방로39길,126.92043792166326,37.50333284603499
A,골목상권,1000476,망원로2길,126.9028981646755,37.55475789748673
A,골목상권,1000477,매봉산로2길,126.89561263001684,37.577114393303276
A,골목상권,1000880,효령로23길,126.99305788443199,37.482852511918345
A,골목상권,1000881,효령로31길,126.9941318450921,37.4847086478643
A,골목상권,1000882,효령로34길,127.00005652971377,37.479969487152786
A,골목상권,1000883,효령로72길,127.02735154392106,37.48674190637515
A,골목상권,1000884,방배중앙로21길,126.98462149333812,37.491798725026364
A,골목상권,1000879,청두곶길,126.98560763358313,37.47945503534716
A,골목상권,1000885,서초중앙로8길,127.01985521859461,37.48746421045257
A,골목상권,1000704,도신로29길,126.90541111585652,37.509547712767734
A,골목상권,1000510,곰달래로3길,126.83312295004507,37.53140710589299
A,골목상권,1000999,진황도로27길,127.13374176346099,37.53915282952502
A,골목상권,1000681,시흥대로84길,126.9022394935645,37.46109792886517
A,골목상권,1000682,시흥대로94길,126.90016710006587,37.464051513987485
A,골목상권,1000895,논현로10길,127.04950553493379,37.4751387153593
A,골목상권,1000896,논현로115길,127.03117093942068,37.50827501511579
A,골목상권,1000897,논현로123길,127.0284687302283,37.51072642990842
A,골목상권,1000473,마포대로4길,126.94686633755153,37.53777500976483
A,골목상권,1000474,만리재옛길,126.95768824607461,37.54878959625199
A,골목상권,1000475,망원로11길,126.90557438755731,37.55948129270432
A,골목상권,1000786,구암길,126.94696775162885,37.49040928190285
A,골목상권,1000904,도곡로37길,127.04319748350869,37.49522466541387
A,골목상권,1000905,도산대로15길,127.02437751249784,37.52060234574617
A,골목상권,1000598,우장산로6길,126.83892559656644,37.553039132487825
A,골목상권,1000599,월정로20길,126.84069573429778,37.52956150256638
A,골목상권,1000600,초록마을로3길,126.84694028202016,37.54639142098713
A,골목상권,1000601,초록마을로8길,126.84895448982283,37.54079881307364
A,골목상권,1000602,초원로16길,126.81494811830154,37.565491790917164
A,골목상권,1000703,도신로15길,126.89826560580751,37.507586595079914
A,골목상권,1000580,공항대로8길,126.81213450593492,37.55908127038103
A,골목상권,1000641,도림로6길,126.88735191770702,37.48462806192193
A,골목상권,1000669,범안로17길,126.89329964913883,37.468415415509064
A,골목상권,1000670,벚꽃로56길,126.88329501281478,37.483227561721236
A,골목상권,1000671,시흥대로120길,126.90073750479613,37.468647150162695
A,골목상권,1000672,시흥대로138길,126.89911566138557,37.47261923185253
A,골목상권,1000673,시흥대로141길,126.89726970818982,37.475005317241326
A,골목상권,1000667,문성로5길,126.90551868880223,37.47803058257481
A,골목상권,1000668,범안로11길,126.8903151212837,37.46856585469472
A,골목상권,1000800,남부순환로248길,126.96756553849134,37.474676109308874
A,골목상권,1000920,삼성로63길,127.05781090694133,37.499345027560665
A,골목상권,1000438,모래내로15길,126.91807725205094,37.57297853641416
A,골목상권,1000439,북아현로4길,126.9583835106932,37.560205484566225
A,골목상권,1000440,세검정로1길,126.94460737605142,37.59355463245203
A,골목상권,1000441,세무서2길,126.9469779244135,37.587888480543
A,골목상권,1000906,도산대로23길,127.02576903961368,37.52101651168637
A,골목상권,1000907,도산대로30길,127.03014560224301,37.51795206514061
A,골목상권,1000908,도산대로38길,127.03218190388088,37.518420049589736
A,골목상권,1000909,도산대로50길,127.03801953842373,37.519950020100985
A,골목상권,1000910,도산대로81길,127.04731117656527,37.52709161309576
A,골목상권,1000853,동광로12길,126.9856736503999,37.4889787035498
A,골목상권,1000891,개포로28길,127.0496995313817,37.47786869309813
A,골목상권,1000892,개포로82길,127.06774192646317,37.48886104037444
A,골목상권,1000965,오금로46길,127.13344579954347,37.49368855412557
A,골목상권,1000966,풍성로25길,127.1207234448462,37.5352925561113
A,골목상권,1000443,수색로8길,126.90560884307486,37.57702370009597
A,골목상권,1000444,신촌로37길,126.95849768572373,37.55841254073902
A,골목상권,1000445,연희로10길,126.9320761840464,37.56479737250392
A,골목상권,1000446,응암로1길,126.90980350936994,37.58139679913753
A,골목상권,1000447,증가로10길,126.92475005533531,37.578929540815
A,골목상권,1000898,논현로139길,127.02758857121454,37.51633989386052
A,골목상권,1000666,독산로85길,126.90240534020812,37.47264001490569
A,골목상권,1000544,중앙로36길,126.85735681942108,37.51955465302705
A,골목상권,1000545,중앙로45길,126.8507593581988,37.52087097428952
A,골목상권,1000546,중앙로47길,126.8507536272813,37.51806884973567
A,골목상권,1000547,중앙로51길,126.8452100217204,37.52397228826576
A,골목상권,1000548,중앙로55길,126.8457264466168,37.525892097075555
A,골목상권,1000470,동교로38길,126.92568448734039,37.56137874630375
A,골목상권,1000435,가재울로6길,126.92314578725028,37.575720968307834
A,골목상권,1000436,독립문로8길,126.96004359301305,37.56708066007585
A,골목상권,1000437,명지대길,126.9238517784697,37.582785217185545
A,골목상권,1000975,동남로82길,127.16260819772776,37.56101084885787
A,골목상권,1000976,동남로85길,127.15462896862834,37.56104859860324
A,골목상권,1000977,명일로13길,127.14335951395772,37.53330306632761
A,골목상권,1000893,남부순환로365길,127.03955200669644,37.48721598625429
A,골목상권,1000570,곰달래로31길,126.85155056506117,37.532612017653655
A,골목상권,1000571,곰달래로47길,126.85532449949133,37.5351485117875
A,골목상권,1000572,곰달래로53길,126.8574389059467,37.53586287316192
A,골목상권,1000573,곰달래로60길,126.86234715738803,37.53089517444793
A,골목상권,1000611,개봉로17다길,126.85288294678254,37.49362727025933
A,골목상권,1000612,개봉로1길,126.85254188562699,37.48304902137227
A,골목상권,1000699,도림로112길,126.90259546188112,37.50905888215968
A,골목상권,1000894,논현로106길,127.03677983019988,37.50629119093642
A,골목상권,1000700,도림로147길,126.8900544673819,37.51530084165945
A,골목상권,1000701,도림로63길,126.90294739171549,37.499310296135214
A,골목상권,1000702,도림천로21길,126.90183189827928,37.48755123589951
A,골목상권,1000793,난우길,126.91751592138444,37.47626457833995
A,골목상권,1000984,성안로3길,127.12618546105597,37.526925558754805
A,골목상권,1000845,강남대로34길,127.03918808735928,37.48320662044669
A,골목상권,1000517,남부순환로88길,126.83842548180658,37.51208798950549
A,골목상권,1000899,논현로159길,127.0239709294217,37.52263869528929
A,골목상권,1000900,논현로26길,127.04534964911423,37.4824745991051
A,골목상권,1000901,논현로28길,127.04427640502921,37.483925630052966
A,골목상권,1000902,논현로63길,127.03701044044782,37.49231651300768
A,골목상권,1000903,논현로8길,127.05189013077451,37.47397538942673
A,골목상권,1000578,공항대로59다길,126.86922536818102,37.550598835530494
A,골목상권,1000579,공항대로61길,126.86625783421293,37.55204611780189
A,골목상권,1000967,강동대로53길,127.13198458352949,37.524396415983624
A,골목상권,1000268,동소문로13길,127.01238735565101,37.5928281670956
A,골목상권,1000269,동소문로15길,127.01533157804245,37.594017130592576
A,골목상권,1000270,동소문로26가길,127.02052899152012,37.594295648473526
A,골목상권,1000271,동소문로2길,127.0091145686545,37.58920647655429
A,골목상권,1000272,동소문로6길,127.00754067511231,37.58847678364256
A,골목상권,1000426,증산로5길,126.90615507052469,37.583781586948994
A,골목상권,1000427,증산로9길,126.90768081735715,37.58594517289959
R,전통시장,1001483,암사종합시장,127.12913430378785,37.55093401002546
R,전통시장,1001484,양지골목시장,127.13715494248555,37.555547082118686
R,전통시장,1001485,고분다리골목시장,127.13198250835251,37.542479496125054
R,전통시장,1001486,동서울시장,127.12815724265194,37.54208726998978
R,전통시장,1001487,천호시장,127.12766907211567,37.54114174964374
R,전통시장,1001488,성내골목시장,127.12758877674172,37.5338617579681
R,전통시장,1001489,둔촌역전통시장,127.13546358351955,37.52772618242089
R,전통시장,1001339,정릉아리랑시장,127.01152825369557,37.602198562651196
R,전통시장,1001482,고덕전통시장,127.16943708416304,37.557793700368244
R,전통시장,1001340,정릉시장,127.00841472283504,37.60826248857604
R,전통시장,1001341,길음시장,127.02207150374002,37.602944883916614
D,발달상권,1001226,서울 종로구 종로5가역_2,126.99981887891859,37.57350250845509
D,발달상권,1001227,종로구청,126.98075603397336,37.57292430335779
D,발달상권,1001228,서울 종로구 종로5가역_3,127.00473173180993,37.57261042876589
D,발달상권,1001229,서울 종로구 종로5가역_4,126.99687565984179,37.573538507045505
D,발달상권,1001230,인사동,126.98531795215405,37.57309614789578
D,발달상권,1001182,홍익대학교 주변,126.9215177589102,37.55213181853304
D,발달상권,1001173,서울 강동구 명일역,127.14390438098211,37.55189902035472
D,발달상권,1001174,등촌역,126.86539013592267,37.54999085708664
D,발달상권,1001175,서울 강동구 고덕역,127.1545227012491,37.55343531713489
D,발달상권,1001176,서울 중구 약수역_1,127.01080787340436,37.5541846519714
D,발달상권,1001177,서울 중구 약수역_2,127.00984593269446,37.554310875799594
D,발달상권,1001178,서울 마포구 홍대입구역_1,126.91907079194077,37.554472760863916
D,발달상권,1001179,강서구청,126.85066199138123,37.55268515079322
D,발달상권,1001180,신촌역,126.93574119173559,37.55425776075019
D,발달상권,1001191,왕십리역_1,127.03371594814102,37.559009679053744
A,골목상권,1000204,전농로3길,127.05653018478672,37.57055173004652
A,골목상권,1000205,전농로4길,127.05908515099729,37.5664149095073
A,골목상권,1000206,제기로21길,127.04129274015106,37.58881217895637
A,골목상권,1000264,돌곶이로27길,127.05371794515982,37.610890461524406
A,골목상권,1000265,돌곶이로28길,127.05776255355016,37.61260043009234
A,골목상권,1000266,돌곶이로41길,127.04628100119824,37.617443799401606
R,전통시장,1001357,장미원골목시장,127.01436759339421,37.645004153410376
R,전통시장,1001358,수유북부시장,127.01609935005759,37.63632744816128
R,전통시장,1001348,동북시장,127.01917684551678,37.620163290436
R,전통시장,1001349,방천골목시장,127.03323033015705,37.61231256160675
R,전통시장,1001350,숭인시장,127.02925540308668,37.61353895874247
R,전통시장,1001351,솔샘시장,127.01967503301859,37.6193793490474
R,전통시장,1001409,화곡중앙골목시장,126.83914637585305,37.534559954145735
R,전통시장,1001410,대원종합시장,126.83645447684854,37.54452130721962
R,전통시장,1001411,남부골목시장,126.86018235933966,37.53298295263819
R,전통시장,1001471,영동전통시장,127.0241815207913,37.50917765749701
R,전통시장,1001472,논현종합시장,127.03434985115916,37.509895941927546
R,전통시장,1001473,청담삼익시장,127.05768160424999,37.52236575182341
D,발달상권,1001251,서울 강북구 미아삼거리역_1,127.03080671151173,37.61263757517567
D,발달상권,1001220,서울 종로구 동대문역_2,127.01287054611977,37.57134842884826
D,발달상권,1001221,장안동사거리,127.0714390363011,37.571507714415674
D,발달상권,1001222,동묘앞역,127.01433117083198,37.573321439742294
D,발달상권,1001223,서울 종로구 광화문역_2,126.97222102081379,37.57224685728405
D,발달상권,1001224,서울 동대문구 신설동역_1,127.02416858208171,37.57423885036018
D,발달상권,1001225,신설동역,127.02142911961398,37.57431145899912
D,발달상권,1001197,장한평역_2,127.06143686641278,37.56320616309473
D,발달상권,1001198,서울 강서구 송정역,126.81005792356302,37.56121330761388
D,발달상권,1001168,남영역,126.97181349916802,37.54221651921161
D,발달상권,1001169,서울 용산구 숙대입구역,126.98007424505472,37.54014590248297
D,발달상권,1001170,공덕역,126.95117241695094,37.5451470462594
D,발달상권,1001171,서울 마포구 공덕역_2,126.95243966350286,37.545336773282266
D,발달상권,1001172,어린이대공원역,127.07184650807413,37.54789234072341
A,골목상권,1000052,녹사평대로32길,126.99187653389038,37.533506930535985
A,골목상권,1000053,녹사평대로40나길,126.98890071042021,37.535101459895074
A,골목상권,1000055,대사관로34길,127.0058491638174,37.5311464419847
A,골목상권,1000133,긴고랑로20길,127.08391187928045,37.560047850983615
A,골목상권,1000201,장한로5길,127.06469832491446,37.56520463235324
A,골목상권,1000202,장한로8길,127.06859072957195,37.56382391111882
A,골목상권,1000203,전농로29길,127.05495244963285,37.580094006712415
R,전통시장,1001343,장위전통시장,127.05120407843764,37.611540291124236
R,전통시장,1001344,번동시장,127.04799382658258,37.62131736266813
A,골목상권,1000054,녹사평대로46길,126.98848165457555,37.53788551143475
R,전통시장,1001345,새석관시장,127.0526740910292,37.6082149939322
R,전통시장,1001347,석관황금시장,127.06201876707541,37.60976015476928
R,전통시장,1001352,번동북부골목시장,127.03005721717192,37.6358562056237
R,전통시장,1001353,수유전통시장,127.02279356147206,37.63116369707503
R,전통시장,1001342,밤나무골시장,127.03553915097254,37.6087980311348
R,전통시장,1001354,우이시장,127.01986346098334,37.64641790068386
R,전통시장,1001355,강북종합시장,127.02569758036077,37.642326306719056
R,전통시장,1001346,석관시장,127.06040990437167,37.608977128632766
R,전통시장,1001356,수유중앙시장,127.02124412605004,37.64033601698045
D,발달상권,1001193,장한평역_1,127.0666084994249,37.56216721283318
D,발달상권,1001194,서울 강서구 발산역,126.84002047948114,37.55967195595673
D,발달상권,1001195,왕십리역_2,127.03452125471159,37.56277561284033
D,발달상권,1001196,시청역_1,126.97357184570602,37.56160640625744
D,발달상권,1001247,미아사거리_2,127.02846040727952,37.60785391153568
D,발달상권,1001248,서울 은평구 불광역_1,126.9293514089332,37.609494017226275
D,발달상권,1001218,동대문시장_2,127.00293177353281,37.57033997930235
D,발달상권,1001219,서울 종로구 동대문역_1,127.01038029305984,37.57199739058875
D,발달상권,1001249,서울 은평구 불광역_2,126.93078893073027,37.61037783839104
D,발달상권,1001250,서울 은평구 불광역_3,126.92851185501709,37.611025193076294
D,발달상권,1001121,영등포역_3,126.9033176502657,37.519123686087624
D,발달상권,1001122,여의도 시범아파트앞,126.93864462543911,37.519021180008956
D,발달상권,1001081,서울 강남구 역삼역_2,127.03916458764914,37.50316393578579
D,발달상권,1001161,건대입구역,127.07161119527795,37.53849506058197
D,발달상권,1001162,서울 광진구 건대입구역_1,127.06789004263021,37.540046978411965
D,발달상권,1001163,서울 강동구 천호역_2,127.12685146616113,37.53942172192043
D,발달상권,1001164,서울 마포구 마포역_1,126.947453239336,37.53985658258466
A,골목상권,1000128,광나루로24길,127.07592918297232,37.54545708931707
A,골목상권,1000129,광나루로36길,127.08621340020343,37.543837240312854
A,골목상권,1000130,광나루로37길,127.0878902619949,37.54567404210782
D,발달상권,1001160,서울 광진구 구의역,127.08551647174467,37.537990259627755
A,골목상권,1000131,광나루로40길,127.08913185113586,37.543024174218694
A,골목상권,1000048,퇴계로8길,126.9789946865649,37.55665201171774
A,골목상권,1000049,퇴계로90길,127.0219806870213,37.56368861999913
A,골목상권,1000050,녹사평대로11길,126.99319002668486,37.52177596888278
A,골목상권,1000051,녹사평대로26길,126.992465038759,37.53175902735252
R,전통시장,1001362,백운시장,127.01531027271143,37.65578880260641
R,전통시장,1001363,쌍문역골목시장,127.03256652711916,37.648424271229416
R,전통시장,1001364,방학동도깨비시장,127.03543007328953,37.66531685994615
R,전통시장,1001365,공릉동도깨비시장,127.07590535261178,37.62232983491129
R,전통시장,1001366,상계시장,127.07785282932137,37.66494510620511
R,전통시장,1001367,상계중앙시장,127.0699935590849,37.65977840010375
R,전통시장,1001399,경창시장,126.84249336482793,37.52475256789359
R,전통시장,1001400,신월3동골목시장,126.82656656654997,37.53389342965823
R,전통시장,1001401,신곡종합시장,126.84516492854235,37.518422056675405
R,전통시장,1001402,신월6동골목시장,126.84258665601156,37.5180402276155
R,전통시장,1001481,명일골목시장,127.14529114835729,37.54922135910629
D,발달상권,1001158,당산역_2,126.90084136296099,37.53545679215062
D,발달상권,1001159,서울 강동구 천호역,127.12297995481092,37.53831758766031
D,발달상권,1001209,서울시청,126.97946695387179,37.56783346248198
D,발달상권,1001210,시청역_2,126.97139767081269,37.56439898859326
D,발달상권,1001212,서대문구 서대문역_1,126.96599701842904,37.568001540525145
D,발달상권,1001213,종각역 젊음의 거리,126.98548849171972,37.5692849591627
D,발달상권,1001214,종각역,126.98113043437411,37.569590681504245
D,발달상권,1001215,서울 종로구 광화문역_1,126.97484828351335,37.56912099259995
D,발달상권,1001216,서울 종로구 종로3가역_1,126.98997099045238,37.569249385228055
D,발달상권,1001211,동대문시장_1,127.00688203068009,37.56730345995025
A,골목상권,1000194,이문로42길,127.06462716679306,37.60073984650877
A,골목상권,1000256,용마산로100길,127.09942427979222,37.59063357186285
A,골목상권,1000257,용마산로112길,127.10449748246018,37.59919761600953
A,골목상권,1000258,용마산로118길,127.10443208268727,37.60101767455427
A,골목상권,1000228,동일로100길,127.08315286238451,37.58995239238665
A,골목상권,1000306,창경궁로43길,127.00364580946099,37.58883736522831
A,골목상권,1000460,대흥로28길,126.94701246757504,37.555119304672736
A,골목상권,1000010,성균관로5길,126.99685257144091,37.58418825624836
A,골목상권,1000011,숭인동길,127.02219966011049,37.57689717095477
A,골목상권,1000012,옥인길,126.96647805541343,37.58069669360433
A,골목상권,1000013,율곡로10길,126.99112476338325,37.57606099987723
A,골목상권,1000014,율곡로16길,127.00404134640954,37.57502512057401
A,골목상권,1000015,이화장길,127.00484527087895,37.577854212833884
A,골목상권,1000044,퇴계로12길,126.98209572084158,37.55650836308674
A,골목상권,1000045,퇴계로18길,126.98491370830027,37.556851135807115
A,골목상권,1000046,퇴계로46길,127.00089413853523,37.561221932148484
A,골목상권,1000145,뚝섬로24길,127.06282793590685,37.53492308871024
A,골목상권,1000538,오목로3길,126.83817376078056,37.52389978685526
A,골목상권,1000539,오목로5길,126.84062825275142,37.524056294692166
A,골목상권,1000540,은행정로5길,126.85815685860752,37.521195440694015
A,골목상권,1000532,신목로5길,126.8725957787547,37.518481860876
A,골목상권,1000760,상도로61길,126.95701780677625,37.49446789818725
A,골목상권,1000761,상도로62길,126.95260653374689,37.49621416399536
A,골목상권,1000411,연서로5길,126.91441910161745,37.60421334469154
A,골목상권,1000412,은평로10길,126.92424215601473,37.59975114699046
A,골목상권,1000413,은평로13길,126.92437530846863,37.602454203753574
A,골목상권,1000759,상도로47길,126.95160696509937,37.50307942521602
A,골목상권,1000359,도봉로109길,127.03144407006899,37.64689290379993
A,골목상권,1000360,도봉로114길,127.03631682587171,37.64759427158531
A,골목상권,1000874,서초대로8길,126.98904396403856,37.48392440820164
A,골목상권,1000875,신반포로45길,127.01658166191717,37.51231446438566
A,골목상권,1000876,언남길,127.04269916197109,37.47402411866128
A,골목상권,1000877,주흥15길,127.0185149484964,37.508818279716955
A,골목상권,1000878,주흥길,127.01976966377829,37.50606100116442
A,골목상권,1000631,구로동로7길,126.88327875846464,37.48640810375405
A,골목상권,1000663,독산로64길,126.90446053798038,37.46555074168666
A,골목상권,1000664,독산로70길,126.90321477865747,37.46736976998788
A,골목상권,1000535,신월로20길,126.84515324447747,37.518602241845365
A,골목상권,1000536,오목로23길,126.85145007780352,37.526232805367634
A,골목상권,1000537,오목로30길,126.85373003641472,37.52312719559644
A,골목상권,1000348,한천로130길,127.0320867663193,37.639495650634544
A,골목상권,1000349,한천로132길,127.02969661616098,37.64073963528133
A,골목상권,1000317,노해로33길,127.02211846412452,37.646786902764056
A,골목상권,1000338,솔샘로65길,127.02670957893947,37.62068439870403
A,골목상권,1000339,수유로12길,127.02130997655303,37.63287584757782
A,골목상권,1000340,오패산로30길,127.03477174530728,37.61464567828941
A,골목상권,1000330,삼양로27길,127.01813443588074,37.618875042640525
A,골목상권,1000331,삼양로41길,127.01781795880467,37.621713202139276
A,골목상권,1000756,사당로8길,126.96776550162745,37.48289336913749
A,골목상권,1000636,구로중앙로42길,126.87799447555045,37.50969376734458
A,골목상권,1000637,구로중앙로7길,126.89096131582092,37.49063215867067
A,골목상권,1000638,구로중앙로8길,126.89269960784434,37.492778146833466
A,골목상권,1000639,남부순환로97길,126.85809493020344,37.49415622935668
A,골목상권,1000738,대방동2길,126.92780253729701,37.501094072723475
A,골목상권,1000754,사당로2차길,126.96670105427351,37.48660522861772
A,골목상권,1000755,사당로30길,126.980790802428,37.48153568143923
A,골목상권,1000632,구로동로8길,126.88670284128662,37.487672847588655
A,골목상권,1000733,국사봉1길,126.93201193944643,37.49843860266434
A,골목상권,1000342,오패산로67길,127.02579721831657,37.635568898654746
A,골목상권,1000343,인수봉로56길,127.01498900846208,37.63612036783161
A,골목상권,1000344,인수봉로72길,127.0128715635598,37.64297711191891
A,골목상권,1000345,인수봉로79길,127.00865664145942,37.64350907716093
A,골목상권,1000350,한천로139가길,127.0236916094139,37.64084010226493
A,골목상권,1000351,한천로140길,127.02846217118487,37.6421905245098
A,골목상권,1000318,덕릉로40길,127.0317332962456,37.63423399296308
A,골목상권,1000319,덕릉로41길,127.02917412765696,37.63742414151746
A,골목상권,1000320,도봉로13길,127.02678691381598,37.61523340344831
A,골목상권,1000307,한천로101가길,127.04909147367009,37.61964107417437
A,골목상권,1000308,한천로76길,127.06515760393576,37.61165955037523
A,골목상권,1000332,삼양로54길,127.02229274195886,37.62328916950109
A,골목상권,1000333,삼양로77길,127.0151348199034,37.628858403292824
A,골목상권,1000398,역말로9길,126.92161240683131,37.61299397734559
A,골목상권,1000387,한글비석로24길,127.0720478538151,37.66287653879393
A,골목상권,1000388,한글비석로44길,127.07004353910895,37.66472475681537
A,골목상권,1000281,삼양로8길,127.02482490862354,37.60759344527521
A,골목상권,1000282,성북로8길,127.00570666803867,37.59124293316104
A,골목상권,1000189,서울시립대로4길,127.04866516186614,37.573798816163084
A,골목상권,1000190,약령시로17길,127.04250206805004,37.58500055029401
A,골목상권,1000191,왕산로32길,127.04181787633433,37.57627016542575
A,골목상권,1000192,왕산로33길,127.04221736928372,37.58207242428631
A,골목상권,1000193,왕산로43길,127.04840072248676,37.58498926909341
A,골목상권,1000346,한천로109길,127.04199380868468,37.627464382025295
A,골목상권,1000335,솔매로41길,127.02262231303826,37.62682097571898
A,골목상권,1000336,솔매로45길,127.02414079188956,37.62838839147609
A,골목상권,1000337,솔매로50길,127.02826271394503,37.62413481855987
A,골목상권,1000303,종암로24가길,127.03555769735354,37.600175550324316
A,골목상권,1000304,종암로5길,127.03418438906162,37.593418521501405
A,골목상권,1000305,지봉로20길,127.01921261957447,37.58309653275609
A,골목상권,1000309,화랑로13길,127.04165293910224,37.60532722136941
A,골목상권,1000311,화랑로19길,127.05001291789686,37.60863060684105
A,골목상권,1000312,화랑로1길,127.03365735017576,37.60484323784301
A,골목상권,1000041,장충단로8길,127.00838689708328,37.56214966423963
A,골목상권,1000042,청구로17길,127.01170262527664,37.5586445042682
A,골목상권,1000043,청구로1길,127.01539211939027,37.5580854626735
A,골목상권,1000310,화랑로14길,127.0422282367505,37.60130860037792
A,골목상권,1000389,가좌로7길,126.91918500828997,37.58493548788187
A,골목상권,1000390,갈현로1길,126.90828699545541,37.599415470605
A,골목상권,1000352,노해로60길,127.03401721691714,37.64900950100889
A,골목상권,1000353,노해로63다길,127.0454880844189,37.65453767028034
A,골목상권,1000529,목동중앙서로7길,126.86518060911823,37.53437630492295
A,골목상권,1000530,목동중앙서로8가길,126.86500499115456,37.53137577281564
A,골목상권,1000531,신목로2길,126.87572703427178,37.5197466006671
A,골목상권,1000118,왕십리로26길,127.03269962738138,37.56424475550749
A,골목상권,1000095,마조로16길,127.04483400702887,37.5655291955643
A,골목상권,1000096,마조로1길,127.03995345723395,37.56155755417665
A,골목상권,1000097,매봉길,127.0137038416579,37.54751696364525
A,골목상권,1000098,무수막길,127.02086844044004,37.55284081556081
A,골목상권,1000099,무학로6길,127.03349258737882,37.56570414697989
A,골목상권,1000100,무학봉28길,127.031974312506,37.562091572705945
A,골목상권,1000101,무학봉길,127.02877065426908,37.56061476224366
A,골목상권,1000678,시흥대로62가길,126.90411065768251,37.45627904718531
A,골목상권,1000679,시흥대로63길,126.89820107525821,37.455129818609876
A,골목상권,1000714,신길로17길,126.90646647588949,37.497682313890735
A,골목상권,1000715,신길로39길,126.90798092965898,37.507630603042216
A,골목상권,1000716,신길로42가길,126.91448236642141,37.509275317074035
A,골목상권,1000717,신길로42길,126.91310559537058,37.50660733856764
A,골목상권,1000808,법원단지9길,126.92220899630287,37.4749703074004
A,골목상권,1000812,봉천로33길,126.94405496284341,37.48430811470407
A,골목상권,1000813,서림7길,126.94034457112895,37.472385946388286
A,골목상권,1000814,승방길,126.9799676906516,37.47314714560136
A,골목상권,1000928,선릉로18길,127.06155235940356,37.4833953079835
A,골목상권,1000929,압구정로2길,127.01954738784833,37.52109879550895
A,골목상권,1000930,언주로81길,127.04135625779246,37.49888341076537
A,골목상권,1000499,월드컵로16길,126.91102090556349,37.55730511043557
A,골목상권,1000867,사평대로26길,126.99908397925343,37.499575410941276
A,골목상권,1000868,사평대로57길,127.02121770526344,37.50739423746393
A,골목상권,1000869,서초대로15길,126.98903187507891,37.489276395611654
A,골목상권,1000552,가로공원로76가길,126.84057377888907,37.533705939746156
A,골목상권,1000553,가로공원로80길,126.83985515881274,37.536434996976126
A,골목상권,1000624,고척로52길,126.85598878903117,37.501523907470514
A,골목상권,1000006,북촌로11길,126.98417289246329,37.581313068019014
A,골목상권,1000007,북촌로5길,126.9816937748628,37.580348646280626
A,골목상권,1000137,능동로13길,127.06886780666939,37.54512804910354
A,골목상권,1000138,능동로19길,127.07207136574804,37.546369515836325
A,골목상권,1000139,능동로34길,127.082796113612,37.554084037542566
A,골목상권,1000231,동일로123길,127.07887081170279,37.5986679189065
A,골목상권,1000831,조원중앙로2길,126.90879262527073,37.4818984832819
A,골목상권,1000832,중앙길,126.95078179399408,37.48521211679205
A,골목상권,1000833,청룡8길,126.94301769195768,37.48044229165424
A,골목상권,1000809,법원단지길,126.91956440524902,37.47420267842054
A,골목상권,1000810,복은길,126.93913329960627,37.47443062149265
A,골목상권,1000855,동광로39길,126.99977382853267,37.497422009086804
A,골목상권,1000856,동산로10길,127.04545537732939,37.47036498869084
A,골목상권,1000857,동산로19길,127.04631657576508,37.47369839247095
A,골목상권,1000858,방배천로4안길,126.98342524544262,37.4810675557076
A,골목상권,1000859,마방로2길,127.03974740984224,37.47188074416293
A,골목상권,1000549,지양로7길,126.83222922554914,37.5212785873856
A,골목상권,1000500,월드컵로19길,126.90827163378137,37.55656418891049
A,골목상권,1000576,공항대로55길,126.86007453844135,37.554354515253934
A,골목상권,1000577,공항대로59길,126.86411761955507,37.55278249214008
A,골목상권,1000674,시흥대로150길,126.90119067131354,37.47647730659403
A,골목상권,1000675,시흥대로153길,126.89483778236263,37.47594022771477
A,골목상권,1000676,시흥대로22길,126.90519232063028,37.4410347689175
A,골목상권,1000677,시흥대로36길,126.90517763240933,37.443719780670975
A,골목상권,1000821,신림로65길,126.92668704794538,37.48531675363689
A,골목상권,1000008,북촌로5나길,126.98301710779458,37.585790844270974
A,골목상권,1000009,삼청로5길,126.9805717072538,37.58526789115328
A,골목상권,1000762,서달로10길,126.9630518799391,37.503534062120934
A,골목상권,1000763,서달로14길,126.96472407394903,37.50695839337092
A,골목상권,1000764,서달로15길,126.96241606411337,37.50848938989847
A,골목상권,1000765,서달로8가길,126.96199900109328,37.5056961409957
A,골목상권,1000326,도봉로99길,127.02754496778088,37.64372241540076
A,골목상권,1000327,삼각산로28길,127.02069973900537,37.63839899645745
A,골목상권,1000037,동호로20길,127.00942790140374,37.55989709372858
A,골목상권,1000038,동호로8길,127.01219982639047,37.55384213716789
A,골목상권,1000109,성수이로7길,127.05485669201654,37.542144071492224
A,골목상권,1000110,성수일로6길,127.05313843246333,37.54449646563343
A,골목상권,1000175,답십리로64길,127.06574374881689,37.569862202300946
A,골목상권,1000088,고산자로6길,127.03601274776211,37.55749532558895
A,골목상권,1000089,금호산2길,127.0233232030344,37.549587752425495
A,골목상권,1000724,여의대방로43나길,126.92066023010696,37.50700008635269
A,골목상권,1000815,신림동길,126.92614275449752,37.486911198895235
A,골목상권,1000986,양재대로101길,127.13556385582983,37.53312306225482
A,골목상권,1000987,양재대로116길,127.1418202855874,37.538999244030606
A,골목상권,1000988,양재대로124길,127.14465476790285,37.541987123240844
A,골목상권,1000989,양재대로133길,127.14109062218468,37.548082185530276
A,골목상권,1000937,학동로56길,127.04274545408751,37.5155875481153
A,골목상권,1000991,양재대로95길,127.13480123334531,37.53057410349796
A,골목상권,1000992,양재대로96길,127.13979975124495,37.529460061264615
A,골목상권,1000993,올림픽로48길,127.12256824971686,37.5287313707755
A,골목상권,1000994,올림픽로71길,127.12119641426514,37.540905300261386
A,골목상권,1000995,올림픽로77길,127.12315770777256,37.54320081889632
A,골목상권,1000996,올림픽로78길,127.12607598818792,37.54254000993612
A,골목상권,1000997,올림픽로80길,127.12923306586082,37.54259065699048
A,골목상권,1000328,삼양로20길,127.0236038935865,37.61427002529239
A,골목상권,1000313,화랑로32길,127.05925285872937,37.60664415240771
A,골목상권,1000314,화랑로40길,127.06291627138545,37.61306630911354
A,골목상권,1000382,상계로12길,127.07010333244536,37.65599421138432
A,골목상권,1000383,상계로1길,127.06222934533159,37.65857543620482
A,골목상권,1000094,마장로39길,127.04431483407359,37.56805217993125
A,골목상권,1000167,천호대로129길,127.09170137021324,37.55300526996423
A,골목상권,1000774,여의대방로46길,126.92748669030186,37.51195098879429
A,골목상권,1000238,동일로163길,127.0749875734278,37.610797774113045
A,골목상권,1000239,망우로68길,127.10120025081062,37.59774989424013
A,골목상권,1000240,망우로73길,127.10272390984318,37.60231659954498
A,골목상권,1000241,면목로21길,127.08235233163086,37.57245566056271
A,골목상권,1000242,면목로33길,127.08314857111077,37.57591492144151
A,골목상권,1000243,면목로45길,127.08652862478694,37.58158875334435
A,골목상권,1000247,면목로56길,127.09040370499126,37.58423476910367
A,골목상권,1000990,양재대로91길,127.1329304528979,37.52829669152126
A,골목상권,1000563,강서로5가길,126.84664764312586,37.52904680058856
A,골목상권,1000846,강남대로8길,127.04302385794406,37.46852783713236
A,골목상권,1000647,부일로1길,126.82014677263952,37.493437807948396
A,골목상권,1000648,새말로18길,126.89258100846668,37.504527156224206
A,골목상권,1000649,신도림로13길,126.88010898702952,37.51002930396633
A,골목상권,1000650,오류로8길,126.84486647833701,37.493193542561315
A,골목상권,1000998,올림픽로98길,127.13112631373401,37.551093994262956
A,골목상권,1000653,중앙로1길,126.86292747958542,37.49815339198725
A,골목상권,1000752,사당로26길,126.97804356464154,37.480976577293106
A,골목상권,1000680,시흥대로68길,126.90113621585306,37.45773623635202
A,골목상권,1000829,조원로10길,126.90367020296097,37.4824440332035
A,골목상권,1000519,목동동로12길,126.87343586390291,37.52339322687341
A,골목상권,1000520,목동동로8길,126.8717273517335,37.516976246219365
A,골목상권,1000521,목동로19길,126.86149813629437,37.52504668425567
A,골목상권,1000140,능동로3길,127.0657464447093,37.53428178947998
A,골목상권,1000141,능동로4길,127.06976108885506,37.532270254271346
A,골목상권,1000142,동일로18길,127.06504946878144,37.53946292737599
A,골목상권,1000143,동일로24길,127.06672754450615,37.54335430950868
A,골목상권,1000144,뚝섬로23길,127.06641653529317,37.53716461614025
A,골목상권,1000732,영신로9길,126.90700225863385,37.51246822958148
A,골목상권,1000554,강서로15길,126.84204845703653,37.53187889087044
A,골목상권,1000555,강서로17가길,126.84362669834927,37.534602011674615
A,골목상권,1000556,강서로18길,126.84900020864771,37.53496039466294
A,골목상권,1000216,한천로40길,127.06989388813406,37.577563322708045
A,골목상권,1000168,경희대로3길,127.05068144463567,37.59242149972554
A,골목상권,1000169,경희대로4길,127.05399919266901,37.59260022687902
A,골목상권,1000170,난계로30길,127.02561704019672,37.57270685366525
A,골목상권,1000022,창신2길,127.01007489285544,37.573745347300154
A,골목상권,1000651,우마길,126.88834931395198,37.48300719399357
A,골목상권,1000616,개봉로3길,126.8538707026041,37.48578973585623
A,골목상권,1000518,목동남로4길,126.86661790120162,37.508735414609205
A,골목상권,1000492,양화로1길,126.90963698902888,37.55055558746798
A,골목상권,1000493,양화진길,126.9125829939373,37.5473953009943
A,골목상권,1000494,와우산로29가길,126.92780792341222,37.55419911688635
A,골목상권,1000495,와우산로29길,126.92906278492757,37.55561444361047
A,골목상권,1000496,와우산로3길,126.92085640167426,37.546139737815416
A,골목상권,1000729,영등포로62길,126.9156624409011,37.51595260473297
A,골목상권,1000501,월드컵로25길,126.90153638831816,37.55757689093107
A,골목상권,1000502,월드컵로36길,126.90567833228712,37.56680647449828
A,골목상권,1000503,월드컵로7길,126.91016628383052,37.55270937642224
A,골목상권,1000504,월드컵로8길,126.91468068279374,37.553631742440295
A,골목상권,1000688,당산로31길,126.89499307614959,37.52652281694011
A,골목상권,1000689,당산로37길,126.89761298780407,37.52995793272006
A,골목상권,1000830,조원로18길,126.91286190179561,37.48273048234202
A,골목상권,1000062,우사단로10길,127.00064488438304,37.5317953060171
A,골목상권,1000063,우사단로14길,126.99837077626304,37.53373244893744
A,골목상권,1000028,난계로11길,127.02232114235886,37.56669788321959
A,골목상권,1000029,난계로21길,127.02260491604761,37.569337746639356
A,골목상권,1000766,성대로1길,126.93411294663407,37.501187861436364
A,골목상권,1000870,서초대로23길,126.99086355634918,37.490168549076955
A,골목상권,1000245,면목로49길,127.08634892036675,37.58283225566861
A,골목상권,1000626,구로동로15길,126.88254100340642,37.48820037766825
A,골목상권,1000627,구로동로28길,126.8885173095279,37.49169306601879
A,골목상권,1000628,구로동로38길,126.88428329993258,37.49488756847087
A,골목상권,1000629,구로동로41길,126.881355553594,37.49420890961669
A,골목상권,1000630,구로동로42길,126.88390598804362,37.49756318676129
A,골목상권,1000871,서초대로25길,126.99302329418552,37.49006958551634
A,골목상권,1000841,양지길,126.93077067471077,37.47101118945863
A,골목상권,1000497,월드컵로10길,126.91289040779601,37.5555045100542
A,골목상권,1000498,월드컵로11길,126.90833079282572,37.554464911063576
A,골목상권,1000581,국회대로7길,126.85823049388797,37.53010643378316
A,골목상권,1000816,신림로11길,126.93926367040332,37.46699735219607
A,골목상권,1000817,신림로28길,126.9356075147962,37.472788914474194
A,골목상권,1000818,신림로38길,126.938645994395,37.47588099522814
A,골목상권,1000819,신림로48길,126.93383855674129,37.478914802932664
A,골목상권,1000780,관악로10길,126.95423553950393,37.476698970372325
A,골목상권,1000781,관악로14길,126.95438128348133,37.4787172879199
A,골목상권,1000938,학동로6길,127.02656866154136,37.511033214076335
A,골목상권,1000939,학동로77길,127.04812135809208,37.52030673755094
A,골목상권,1000613,개봉로20길,126.85970336942842,37.49271654014208
A,골목상권,1000614,개봉로23가길,126.85897404382185,37.49570701269253
A,골목상권,1000615,개봉로2길,126.85785576638575,37.48908327422164
A,골목상권,1000533,신목로6길,126.87470692808034,37.5209618762461
A,골목상권,1000534,신월로15길,126.84106655824634,37.520083467179866
A,골목상권,1000625,공원로6가길,126.89013922540099,37.50377707636308
A,골목상권,1000034,동호로10길,127.0131962278398,37.55666215271622
A,골목상권,1000035,동호로11길,127.00693719273198,37.55184234798795
A,골목상권,1000036,동호로15길,127.00822770207726,37.555437246814755
A,골목상권,1000384,상계로9가길,127.06866734859203,37.65952690474667
A,골목상권,1000217,한천로46길,127.07123374474163,37.581779172597095
A,골목상권,1000218,휘경로14길,127.06347720868553,37.593424422608564
A,골목상권,1000219,휘경로23길,127.06622056301238,37.596999851234045
A,골목상권,1000220,휘경로2길,127.06051192651461,37.59511083433199
A,골목상권,1000361,도봉로143길,127.0392933647759,37.662279330268504
A,골목상권,1000362,도봉로147길,127.040756676116,37.664630394297035
A,골목상권,1000834,청룡길,126.94656758626468,37.480714253035195
A,골목상권,1000820,신림로64길,126.93295081296411,37.48550968607068
A,골목상권,1000483,성미산로32길,126.92331727033402,37.563044075893444
A,골목상권,1000484,성산로4길,126.90830825884315,37.56361902101433
A,골목상권,1000847,고무래로8길,127.01047219056247,37.50065615765236
A,골목상권,1000848,남부순환로317길,127.01101226318026,37.48184307278841
A,골목상권,1000849,남부순환로325길,127.01356765570593,37.482869957033735
A,골목상권,1000850,남부순환로339길,127.0213468547204,37.484310421422556
A,골목상권,1000851,논현로1길,127.04856488212371,37.471553085459114
A,골목상권,1001004,천호대로170길,127.13196577174395,37.53298297763803
A,골목상권,1001005,천호대로187길,127.142457773877,37.53507912786425
A,골목상권,1000424,증산로17길,126.91083405986622,37.59062374718485
A,골목상권,1000391,갈현로33길,126.91387839474079,37.62135876458965
A,골목상권,1000392,갈현로41길,126.91481414042902,37.625233687944814
A,골목상권,1000385,석계로1길,127.06273784762647,37.616391051427165
A,골목상권,1000386,한글비석로22길,127.07450479026866,37.66041533385276
A,골목상권,1000621,고척로21나길,126.84419173332698,37.502283801111254
A,골목상권,1000622,고척로27길,126.84612029209725,37.50488122267059
A,골목상권,1000623,고척로27다길,126.84847195440811,37.50525367453766
A,골목상권,1000862,방배로18길,126.9964157342446,37.48587104002746
A,골목상권,1000246,면목로55길,127.08606765741773,37.58437315923606
A,골목상권,1000023,창신5길,127.01206733294957,37.57437585680167
A,골목상권,1000024,창신길,127.01027899405535,37.576214055054905
A,골목상권,1000146,뚝섬로48길,127.07654830544459,37.53121187873635
A,골목상권,1000147,뚝섬로54길,127.08058530533364,37.529371150493425
A,골목상권,1000148,뚝섬로58길,127.08433143496083,37.5306119167055
A,골목상권,1000149,뚝섬로64길,127.08770445059731,37.531951951552244
A,골목상권,1000244,면목로48길,127.0915109244198,37.582350840377295
A,골목상권,1000542,중앙로25길,126.85226145175332,37.51635884023274
A,골목상권,1000802,남현3길,126.97840693075834,37.4755165270824
A,골목상권,1000617,경인로15길,126.83821135458024,37.49600476486353
A,골목상권,1000618,경인로31길,126.85003072093879,37.500588458534324
A,골목상권,1000725,여의대방로61길,126.92306110510111,37.514948531879945
A,골목상권,1000726,영등포로25길,126.89732884032587,37.522659572058835
A,골목상권,1000727,영등포로27길,126.899478854283,37.5221658702095
A,골목상권,1000728,영등포로35길,126.90283922372406,37.52169115109668
A,골목상권,1000019,종로65길,127.01964096274457,37.57596059020031
A,골목상권,1000020,지봉로8길,127.01653926205574,37.57641156273819
A,골목상권,1000021,창경궁로35길,127.00124543343604,37.5870714693262
A,골목상권,1000414,은평로20길,126.933732064947,37.59934240112209
A,골목상권,1000415,은평로3길,126.91460468429828,37.60037526078755
A,골목상권,1000033,다산로39길,127.01367295979668,37.56430255191585
A,골목상권,1000561,강서로47길,126.83164853065095,37.553155120648604
A,골목상권,1000562,강서로47라길,126.83298805132208,37.55130997880285
A,골목상권,1000837,행운길,126.96024841466243,37.4797645782061
A,골목상권,1000838,호암로20길,126.93426648208751,37.467940739574864
A,골목상권,1000839,호암로24길,126.93529334783747,37.47004066129832
A,골목상권,1000731,영등포로84길,126.9220352531494,37.51161414485812
A,골목상권,1000822,신사로20길,126.9175482828504,37.48796870284315
A,골목상권,1000823,신원로3길,126.92699634510153,37.481190326249724
A,골목상권,1000824,양녕로6길,126.94933551842063,37.48375187183579
A,골목상권,1000825,은천로25길,126.94901624219654,37.487716170634705
A,골목상권,1000826,인헌길,126.96745376462506,37.471729775270724
A,골목상권,1000827,장군봉1길,126.94234949528703,37.48192863216988
A,골목상권,1000828,장군봉2길,126.93883264759539,37.482674701062834
A,골목상권,1000947,백제고분로33길,127.09978564091207,37.50502039367104
A,골목상권,1000948,백제고분로34길,127.09941836606995,37.50097518949339
A,골목상권,1000582,까치산로4길,126.84555998417852,37.54078541241178
A,골목상권,1000583,남부순환로11길,126.81440595954842,37.55590434652824
A,골목상권,1000683,가마산로61길,126.9049170930625,37.50668212163182
A,골목상권,1000684,경인로77길,126.89350765064538,37.51301545646946
A,골목상권,1000685,경인로80길,126.89505951552783,37.511395038436866
A,골목상권,1000686,경인로90길,126.90145783300366,37.51407653091892
A,골목상권,1000399,연서로11길,126.91294264761487,37.60785226295211
A,골목상권,1000400,연서로13길,126.91374382758477,37.61037562091818
A,골목상권,1000401,연서로16길,126.91803797618813,37.608801950432216
A,골목상권,1000619,경인로35길,126.85316506427277,37.49970040074789
A,골목상권,1000620,경인로47길,126.86540994945932,37.50118362490209
A,골목상권,1000283,솔샘로6길,127.00654613993714,37.60937082407314
A,골목상권,1000284,아리랑로4길,127.01768710741527,37.59532323898484
A,골목상권,1000030,다산로33길,127.0123370649228,37.5625367460853
A,골목상권,1000031,다산로36길,127.01946732418223,37.561238350537174
A,골목상권,1000032,다산로38길,127.01693235276134,37.56259924623541
A,골목상권,1000080,한강대로52길,126.97216822283924,37.5315938079946
A,골목상권,1000081,한강대로62길,126.97383056663585,37.53381065075947
A,골목상권,1000082,한강대로7길,126.96137858185705,37.524499888327036
A,골목상권,1000083,한강대로88길,126.97280829961359,37.5448296508582
A,골목상권,1000084,한남대로20길,127.00866670065605,37.534903443301985
A,골목상권,1000478,모래내로7길,126.91084958728115,37.56810792626419
A,골목상권,1000479,방울내로9안길,126.90072859237345,37.56077475288331
A,골목상권,1000480,백범로16길,126.94428046032503,37.54601796438393
A,골목상권,1000481,성미산로11길,126.91611880203601,37.562967101340675
A,골목상권,1000482,성미산로1길,126.90746328974811,37.560446854669806
A,골목상권,1000911,도산대로89길,127.05147388234442,37.52636907063594
A,골목상권,1000584,등촌로13길,126.86047031010514,37.53631699368508
A,골목상권,1000687,국회대로56길,126.91021406814987,37.52230065932098
A,골목상권,1000746,만양로8길,126.94641143873883,37.50937520800174
A,골목상권,1001000,진황도로47길,127.1408885717733,37.536928060191066
A,골목상권,1001001,천중로39길,127.13995061490215,37.54359657007439
A,골목상권,1001002,천중로51길,127.14473916538756,37.54467199610466
A,골목상권,1001003,천호대로162길,127.12821374855534,37.53543783152399
A,골목상권,1000690,당산로38길,126.89945899352334,37.528535936649206
A,골목상권,1000285,안암로5길,127.02333336014564,37.58215875693317
A,골목상권,1000286,오패산로19길,127.03379546139365,37.609735572293516
A,골목상권,1000559,강서로45길,126.83461437696987,37.547672237709065
A,골목상권,1000560,강서로45다길,126.83498223255597,37.545068867959614
A,골목상권,1000416,은평로8길,126.91846959334855,37.597278585674914
A,골목상권,1000417,응암로12길,126.91875228324986,37.58723272227391
A,골목상권,1000418,응암로13길,126.91535321455112,37.58937469552123
A,골목상권,1000090,금호산길,127.01897828966563,37.551967166339004
A,골목상권,1000091,둘레9길,127.05143635826545,37.537622591200055
A,골목상권,1000092,뚝섬로5길,127.05091923026812,37.54254227478098
A,골목상권,1000093,마장로27길,127.03570077190325,37.56780282027202
A,골목상권,1000225,공릉로12가길,127.0823795276146,37.61767639706798
A,골목상권,1000160,자양로26길,127.08644805174575,37.54126021061521
A,골목상권,1000161,자양로45길,127.08948485267979,37.55434945705718
A,골목상권,1000863,방배로35길,126.98857911348834,37.49234878837477
A,골목상권,1000705,도신로60길,126.91672023395091,37.51070050290515
A,골목상권,1000706,도신로62길,126.91878993064196,37.5108280845805
A,골목상권,1000707,디지털로37길,126.89772293670566,37.49084543738971
A,골목상권,1000708,디지털로57길,126.89977901132875,37.492270790606696
A,골목상권,1000709,디지털로74길,126.90703539050102,37.49487162303816
A,골목상권,1000801,남현2길,126.97461966804877,37.475506764185795
A,골목상권,1000448,증가로20가길,126.91928010625362,37.58074593446554
A,골목상권,1000691,당산로46길,126.90439622641117,37.53375683255819
A,골목상권,1000803,남현길,126.97578467184921,37.47376805941593
A,골목상권,1000804,당곡길,126.92837772571455,37.49090403873706
A,골목상권,1000805,대학14길,126.93578356984986,37.46521151015655
A,골목상권,1000806,대학길,126.93726233848,37.46762701429291
A,골목상권,1000807,미성5길,126.91481583952117,37.47458678472269
A,골목상권,1000940,거마로20길,127.14850599116205,37.49835581369678
A,골목상권,1000419,응암로14길,126.91965503245105,37.59004443629372
A,골목상권,1000420,응암로22길,126.92024019033067,37.593432562571785
A,골목상권,1000397,수색로18길,126.89480974368666,37.584537865967626
A,골목상권,1000079,한강대로43길,126.96915877089192,37.53159306042474
A,골목상권,1000025,통일로12길,126.9614997861807,37.574793663038236
A,골목상권,1000864,방배로42길,126.99041070772537,37.49446631799658
A,골목상권,1000865,사임당로17길,127.01782129209623,37.493131872549185
A,골목상권,1000866,사평대로22길,126.99724068456197,37.49806169167272
A,골목상권,1000433,통일로87길,126.91861047881929,37.623866867576545
A,골목상권,1000434,통일로92길,126.92191694847271,37.62503137494717
A,골목상권,1000408,연서로34길,126.92881905649806,37.621431792074624
A,골목상권,1000840,양산길,126.93235092119285,37.47367008477511
A,골목상권,1000640,도림로12길,126.88898829845678,37.48671093896468
A,골목상권,1000604,화곡로20길,126.83498483761242,37.5387528704025
A,골목상권,1000605,화곡로31길,126.84060775770253,37.544319756804434
A,골목상권,1000606,화곡로44나길,126.84880229622594,37.54892562431692
A,골목상권,1000607,화곡로59길,126.84961705470371,37.55456690854226
A,골목상권,1000608,화곡로64길,126.85583890983678,37.55591715445912
A,골목상권,1000710,선유로55길,126.89638045096541,37.537678432627736
A,골목상권,1000711,선유서로24길,126.88831194844781,37.523282091004944
A,골목상권,1000949,백제고분로39길,127.10419781434277,37.5060166996055
A,골목상권,1000950,백제고분로42길,127.11045030267523,37.50474961206415
A,골목상권,1000951,백제고분로45길,127.10953045361,37.50991322476295
A,골목상권,1000952,백제고분로46길,127.11443562016443,37.50757497333033
A,골목상권,1000953,백제고분로50길,127.11744174135637,37.51328438842683
A,골목상권,1000954,삼전로13길,127.0872789532716,37.50661606511196
A,골목상권,1000912,봉은사로109길,127.0618066362595,37.51755230952695
A,골목상권,1000026,평창길,126.97559255857297,37.61238679531008
A,골목상권,1000027,필운대로1길,126.96661508398311,37.57806583012162
A,골목상권,1000458,광성로6길,126.93864330864662,37.54824964681428
A,골목상권,1000459,대흥로21길,126.94307475286763,37.5541984542804
A,골목상권,1000087,후암로28길,126.97973234800662,37.549182867079104
A,골목상권,1000111,송정12라길,127.06813794875671,37.55135437271263
A,골목상권,1000112,송정4가길,127.06458244958485,37.5489777354088
A,골목상권,1000113,아차산로11길,127.05969110599031,37.545619583980304
A,골목상권,1000114,아차산로15길,127.06308560844326,37.545320489586715
A,골목상권,1000115,아차산로5길,127.052960230848,37.54852401082932
A,골목상권,1000116,왕십리로14길,127.04574101356755,37.549464066545404
A,골목상권,1000117,왕십리로21길,127.03144119955661,37.55935268559774
A,골목상권,1000775,장승배기로10길,126.94109939439358,37.50449824191714
A,골목상권,1000642,디지털로27길,126.89020230760835,37.48386488832077
A,골목상권,1000643,디지털로32가길,126.89796282579762,37.48074534599888
A,골목상권,1000644,디지털로32길,126.90040159424703,37.48326124071472
A,골목상권,1000645,부일로11길,126.83041587356577,37.497786832818704
A,골목상권,1000646,부일로15길,126.83340924439901,37.494232119246654
A,골목상권,1000745,만양로14길,126.94740504451195,37.5118083664902
A,골목상권,1000713,선유서로28길,126.8880384972186,37.52458828502437
A,골목상권,1000776,장승배기로19길,126.9383482932672,37.50797471757388
A,골목상권,1000777,장승배기로27길,126.93861715479589,37.51112837344886
A,골목상권,1000778,흑석로13길,126.95982530447826,37.509822024081494
A,골목상권,1000779,흑석로9길,126.95811846491725,37.50796536154539
A,골목상권,1000886,강남대로118길,127.02810580861794,37.50810459326562
A,골목상권,1000887,강남대로136길,127.0244316346783,37.51312400529922
A,골목상권,1000888,강남대로140길,127.02244137305753,37.5146741270471
A,골목상권,1000811,봉천로13길,126.9314192099826,37.49118515571334
A,골목상권,1000004,명륜길,126.99499551162977,37.588720186412175
A,골목상권,1000005,백석동길,126.96776158738287,37.597113134269414
A,골목상권,1000287,오패산로3길,127.03513045722164,37.60671686753242
A,골목상권,1000432,통일로78길,126.92591052773125,37.61881713783702
A,골목상권,1000195,장한로14길,127.06980350897146,37.56563420237176
A,골목상권,1000085,회나무로13길,126.99080081108528,37.54075990521439
A,골목상권,1000086,효창원로39길,126.9582713852386,37.538013850635636
A,골목상권,1000196,장한로25길,127.06826998124805,37.572032166670134
A,골목상권,1000134,긴고랑로7길,127.07962841954578,37.56575412403189
A,골목상권,1000135,긴고랑로8길,127.0771795435483,37.56188146686304
A,골목상권,1000136,긴고랑로9길,127.08243490693737,37.565211600271475
A,골목상권,1000585,등촌로39길,126.86032753259863,37.54613771535956
A,골목상권,1000586,등촌로51길,126.86114822828803,37.54903088735412
A,골목상권,1000587,등촌로55길,126.86148531733161,37.550328720157566
A,골목상권,1000588,등촌로5길,126.86257933721377,37.533841716480026
A,골목상권,1000589,방화대로21길,126.81283810817364,37.562848549245125
A,골목상권,1000590,방화대로6라길,126.8179165512844,37.55499980612822
A,골목상권,1000574,공항대로38길,126.84042062307216,37.5577894153324
A,골목상권,1000575,공항대로42길,126.8435004363868,37.55711779039628
A,골목상권,1000692,대림로22길,126.90366541603089,37.49497704388292
A,골목상권,1000693,대림로29길,126.89716364080999,37.494656210873295
A,골목상권,1000694,대림로31길,126.89642525220603,37.497088283022705
A,골목상권,1000695,대림로34길,126.89999532756332,37.499650216201694
A,골목상권,1000696,대림로44길,126.89829518094066,37.502459902172816
A,골목상권,1000550,화곡로3길,126.82755643989483,37.54131010357184
A,골목상권,1000551,화곡로4길,126.82814124670871,37.53794121981719
A,골목상권,1000321,도봉로18길,127.03052675499855,37.62044921616583
A,골목상권,1000322,도봉로45길,127.0252155640604,37.624171548545554
A,골목상권,1000323,도봉로67길,127.0222267078886,37.62977628655275
A,골목상권,1000324,도봉로76길,127.02532057322445,37.633190400075414
A,골목상권,1000325,도봉로8길,127.03260680126934,37.610934222349215
A,골목상권,1000421,응암로34길,126.9215155531609,37.597379759458136
A,골목상권,1000461,도화4길,126.9508820962907,37.53921834856296
A,골목상권,1000162,자양로50길,127.09434820796336,37.551949017262146
A,골목상권,1000163,자양로53길,127.09025650562651,37.5560787847109
A,골목상권,1000164,자양번영로3길,127.07352781381798,37.53147508823892
A,골목상권,1000165,천호대로109길,127.0818497130909,37.55795898585809
A,골목상권,1000166,천호대로123길,127.08723480754992,37.55612610575778
A,골목상권,1000132,광나루로52길,127.09200287370932,37.540499173830604
A,골목상권,1000301,종암로19길,127.03203498879296,37.59805022046616
A,골목상권,1000854,동광로1길,126.98391983489549,37.49450165309971
A,골목상권,1000449,증가로23나길,126.9131564410816,37.57981356484971
A,골목상권,1000450,증가로6길,126.92788676457592,37.57807555442207
A,골목상권,1000451,충정로4길,126.96427993677533,37.5607930636439
A,골목상권,1000452,충정로6길,126.96724440652822,37.5628121557638
A,골목상권,1000453,통일로11길,126.96219311867594,37.56926177746434
A,골목상권,1000454,통일로37길,126.94452166020703,37.586995368925685
A,골목상권,1000455,통일로39길,126.94265294606272,37.58773328980247
A,골목상권,1000456,홍연길,126.92997186695071,37.575851354133505
A,골목상권,1000457,홍제내길,126.93686819928925,37.58665815636047
A,골목상권,1000485,성지3길,126.91532249033952,37.54651431858558
A,골목상권,1000486,숭문8길,126.94712808466352,37.551659524717024
A,골목상권,1000487,숭문길,126.9455462556194,37.54819897202165
A,골목상권,1000462,도화길,126.94993054397523,37.54086677878428
A,골목상권,1000463,독막로22길,126.92890131857672,37.546883674830866
A,골목상권,1000464,독막로32길,126.9373326461738,37.54583428173545
A,골목상권,1000465,독막로8길,126.91796989496801,37.547002726696945
A,골목상권,1000466,동교로17길,126.9154920409153,37.55670472717989
A,골목상권,1000001,계동길,126.98640304593168,37.58204315080209
A,골목상권,1000002,난계로27길,127.0225947669964,37.57321202796641
A,골목상권,1000003,돈화문로11가길,126.98841923610856,37.57566432787995
A,골목상권,1000409,연서로3길,126.91212235890347,37.60236462727852
A,골목상권,1000410,연서로41길,126.92691237046782,37.625205762341096
A,골목상권,1000393,갈현로7길,126.90830442407244,37.60366815833596
A,골목상권,1000394,불광천길,126.91628756952731,37.59420467811628
A,골목상권,1000395,서오릉로21길,126.90762363578159,37.61388484476998
A,골목상권,1000396,서오릉로8길,126.923587157231,37.60906696078862
A,골목상권,1000985,암사길,127.13582406272815,37.55182750192173
A,골목상권,1000788,낙성대역길,126.96277192987763,37.4751342113078
A,골목상권,1000789,난곡로24길,126.92151499040331,37.4683564333269
A,골목상권,1000790,난곡로26길,126.9227115362593,37.47000607143584
A,골목상권,1000791,난곡로34길,126.92101345396968,37.47230252486518
A,골목상권,1000792,난곡로74길,126.91494951088137,37.48631801629657
A,골목상권,1000913,봉은사로29길,127.03546962009622,37.50996769135637
A,골목상권,1000914,봉은사로43길,127.04045799634706,37.510822042370435
A,골목상권,1000915,봉은사로57길,127.04446350641692,37.51345153477815
A,골목상권,1000916,봉은사로68길,127.05168926378853,37.510601420508735
A,골목상권,1000917,삼성로115길,127.04932772325263,37.51419743682947
A,골목상권,1000918,삼성로147길,127.04660670158077,37.52216341071907
A,골목상권,1000919,삼성로57길,127.05860085122286,37.49720024343009
A,골목상권,1000652,중앙로15길,126.8549605422035,37.5069106577437
D,발달상권,1001034,서울 서초구 방배역,126.99748998969146,37.48269050762584
D,발달상권,1001035,매봉역,127.04348563163788,37.48510624478322
D,발달상권,1001036,문정역,127.12370836315033,37.48607663160862
D,발달상권,1001037,양재역,127.03603488345209,37.485892629373026
D,발달상권,1001072,신대방삼거리역,126.92809866513795,37.49891381896013
D,발달상권,1001063,교대역_4,127.01496089901845,37.495700139276714
D,발달상권,1001064,대림역_1,126.89081805797059,37.495830835212956
D,발달상권,1001065,은마아파트입구사거리_1,127.06053519233129,37.497920073164735
D,발달상권,1001124,서울 영등포구 영등포시장역,126.90902888976841,37.52014635622644
D,발달상권,1001125,학동사거리_2,127.04044164210735,37.522435983400236
D,발달상권,1001126,서울 양천구 신정네거리역_2,126.85366506550412,37.52164046191988
D,발달상권,1001127,서울 영등포구 여의도역_1,126.92920911701019,37.52054760665095
D,발달상권,1001128,청담사거리_1,127.04666411605305,37.52353291193082
D,발달상권,1001129,청담사거리_2,127.04894939598123,37.52376624753793
D,발달상권,1001130,청담역_1,127.0549554182214,37.52248418210765
D,발달상권,1001131,청담역_2,127.05642650543831,37.52312320024629
D,발달상권,1001132,영등포유통상가,126.89368636193032,37.52258426930727
D,발달상권,1001133,청담사거리_3,127.04947065948295,37.525108523778826
D,발달상권,1001134,서울 영등포구 여의도역_2,126.92566532469993,37.5236899283565
R,전통시장,1001378,아현가구거리상점가,126.95880363785263,37.557736900000044
R,전통시장,1001430,영등포전통시장,126.90537896348607,37.51709809859115
R,전통시장,1001431,영등포청과시장,126.90074678556344,37.521446140578114
R,전통시장,1001432,도림시장,126.8984661365042,37.50983927867635
R,전통시장,1001433,영일시장,126.90109150291707,37.51739191713107
R,전통시장,1001434,양남시장,126.89119723934266,37.52286131321304
R,전통시장,1001435,대신시장,126.91759074128036,37.51107052516712
R,전통시장,1001436,사러가시장,126.9097469430331,37.50627144836403
R,전통시장,1001455,봉일시장,126.93869437270735,37.485855189036606
R,전통시장,1001456,봉천현대시장,126.94659735543993,37.48654379165944
R,전통시장,1001457,봉천중앙시장,126.95446833990101,37.4843035765444
R,전통시장,1001458,인헌시장,126.96576810288272,37.474495400256814
A,골목상권,1000302,종암로21길,127.03183241205195,37.60098750549845
A,골목상권,1000259,용마산로94길,127.09884363161932,37.58821940070667
A,골목상권,1000260,중랑천로10길,127.07448138863825,37.59156194853936
A,골목상권,1000261,길음로7길,127.02288716224002,37.60389977826223
A,골목상권,1000262,돌곶이로14길,127.06180244088785,37.60838175461897
A,골목상권,1000263,돌곶이로22길,127.05964076758927,37.61022088497692
A,골목상권,1000402,연서로17길,126.91461230685692,37.613520703203655
D,발달상권,1001135,신사동 가로수길,127.02406103782943,37.52142232327291
D,발달상권,1001136,오목교역,126.87505045094649,37.52525100984268
D,발달상권,1001137,서울 강동구 둔촌동역,127.13448779256477,37.526132525214656
D,발달상권,1001138,압구정 로데오거리_1,127.04285281544146,37.52530933086134
D,발달상권,1001139,서울 영등포구 영등포구청역,126.89752789095012,37.526002462454734
D,발달상권,1001140,서울 강남구 압구정역,127.03057835407243,37.525078886063575
D,발달상권,1001233,서울 종로구 종로3가역_3,126.99392110467875,37.57373661074855
D,발달상권,1001234,서울 종로구 경복궁역_1,126.9710193332887,37.57684164134083
D,발달상권,1001235,서울 종로구 안국역_1,126.98682259686088,37.57829506393904
D,발달상권,1001236,서울 종로구 안국역_2,126.984309554815,37.57746584199684
D,발달상권,1001237,서울 종로구 경복궁역_2,126.97302285670364,37.57744578237712
D,발달상권,1001238,서울 동대문구 청량리역,127.04685826916042,37.580701163008214
D,발달상권,1001239,디지털미디어시티,126.89007210424492,37.58034393117258
D,발달상권,1001240,혜화역 대학로_1,127.00313602901554,37.58233221016945
R,전통시장,1001459,신원시장,126.92723236679794,37.48264109585288
R,전통시장,1001392,동진시장,126.92680406595656,37.562325492001655
R,전통시장,1001393,마포농수산물시장,126.8964350575244,37.56363623278708
R,전통시장,1001379,인왕시장,126.94327326787227,37.590896072693326
R,전통시장,1001380,포방터시장,126.94894045405161,37.59892649466033
R,전통시장,1001381,모래내시장,126.9154648122609,37.57078727706568
R,전통시장,1001382,백련시장,126.92311053835193,37.576973327344845
R,전통시장,1001383,공덕시장,126.95290411590213,37.54453507017073
R,전통시장,1001384,마포시장,126.95322056654099,37.54515688539801
R,전통시장,1001385,아현시장,126.95487711502548,37.55655515820867
R,전통시장,1001386,신수시장,126.93533023436349,37.54525656269742
R,전통시장,1001387,서교시장,126.92153907019247,37.55339322966758
R,전통시장,1001388,영진시장,126.9128475622764,37.55342317415335
R,전통시장,1001389,합정시장,126.91321571394744,37.54824270634102
R,전통시장,1001390,망원시장,126.9060650512631,37.556301164837045
A,골목상권,1000074,청파로47나길,126.9680094448663,37.54713500588048
A,골목상권,1000075,청파로71길,126.96704654306637,37.54948634768875
A,골목상권,1000076,청파로73길,126.96729437074947,37.552081291755876
A,골목상권,1000159,자양로15길,127.08130506104884,37.535830833660924
A,골목상권,1000125,한림말3길,127.01621505009958,37.543020659532004
A,골목상권,1000126,한림말길,127.01335186835556,37.54093970867538
A,골목상권,1000127,광나루로12길,127.06872265367673,37.5472544910565
D,발달상권,1001141,압구정 로데오거리_2,127.03719682412944,37.52611313953564
D,발달상권,1001142,국회의사당역_1,126.91732383690497,37.527450572027924
D,발달상권,1001143,서울 용산구 신용산역,126.96962336458623,37.5297911780406
D,발달상권,1001144,국회의사당역_2,126.92020675631002,37.529254558111724
D,발달상권,1001145,용산 전자상가_1,126.96036901949611,37.52967130494357
D,발달상권,1001146,용산구청,126.99028140328255,37.53238055868387
D,발달상권,1001147,용산 전자상가_2,126.96592236399441,37.53308783278587
D,발달상권,1001148,목동사거리,126.8640752430311,37.5324919471084
D,발달상권,1001149,한남오거리,127.00623399409143,37.533137634969805
D,발달상권,1001241,혜화역 대학로_2,126.99868669065837,37.58383690352655
D,발달상권,1001242,혜화역 대학로_3,127.00026039459195,37.58298997678076
D,발달상권,1001243,서울 성북구 안암역,127.02964082093199,37.58582438415558
D,발달상권,1001244,경희대학교,127.0521873625993,37.592375793905326
D,발달상권,1001245,서울 성북구 성신여대입구역,127.01773144531104,37.591295798803905
D,발달상권,1001246,미아사거리_1,127.02979656631537,37.60729496817234
D,발달상권,1001204,서울 중구 을지로3가역_1,126.99216735868663,37.56542932908629
D,발달상권,1001205,동대문역사문화공원역,127.00482184111223,37.565627709585534
D,발달상권,1001157,서울 강동구 천호역_1,127.12603309416232,37.537224158914064
R,전통시장,1001391,망원월드컵시장,126.90540632714048,37.558129662957974
R,전통시장,1001403,신월7동골목시장,126.83322110262583,37.52289278529113
R,전통시장,1001404,신정제일시장,126.85433390357734,37.52091147699331
R,전통시장,1001405,신정2동골목시장,126.87652786415516,37.52115300438805
R,전통시장,1001406,신정3동골목시장,126.85300337322856,37.518720392897634
R,전통시장,1001394,목2동시장,126.87327269199903,37.54628746759511
R,전통시장,1001395,목3동시장,126.86493996412445,37.5486118161891
R,전통시장,1001271,동묘시장,127.01862125723245,37.57248291567694
R,전통시장,1001359,창동신창시장,127.0370041198399,37.63970143730704
R,전통시장,1001360,창동골목시장,127.03917890321948,37.63856549433144
R,전통시장,1001361,신도봉시장,127.04160986646488,37.67027023397148
A,골목상권,1000403,연서로21길,126.91559569338234,37.61527833797514
A,골목상권,1000404,연서로27길,126.9169972708041,37.61788318757414
A,골목상권,1000405,연서로28길,126.92149576504762,37.6162104283088
A,골목상권,1000406,연서로29길,126.91761735084197,37.62050549616045
A,골목상권,1000407,연서로33길,126.92435563537262,37.621879508885414
A,골목상권,1000425,증산로21길,126.91246905838028,37.59641834662927
A,골목상권,1000047,퇴계로56길,127.00483295102657,37.562393132290616
D,발달상권,1001150,서울 용산구 이태원역,126.99470500630214,37.53396660171813
D,발달상권,1001151,용산 전자상가_3,126.95756140332672,37.532995024104295
D,발달상권,1001152,서울 광진구 강변역,127.09594579196927,37.53578380626319
D,발달상권,1001153,당산역_1,126.89943980564207,37.534401436510095
D,발달상권,1001154,용산 전자상가_4,126.9598343502998,37.53514921107346
D,발달상권,1001155,용산 전자상가_5,126.96458658036106,37.53464617134183
D,발달상권,1001156,서울 강동구 길동역,127.13819405734606,37.53603024424155
D,발달상권,1001120,도산공원사거리_1,127.03115346079875,37.52064580299694
