,code,station,07-10 on avg,07-10 off avg,10-17 on avg,10-17 off avg,17-22 on avg,17-22 off avg,X,Y,07-10 totavg,10-17 totavg,17-22 totavg,commute,Total,com,coms,many75,trans
0,30000,가능,19677,9021,9545,7692,7008,14585,37.748577,127.044213,14349.0,8618.5,10796.5,25145.5,33764.0,0.7447429214548039,0,0,0
1,30001,가락시장,14913,20191,12542,11831,15680,15024,37.492522,127.118234,17552.0,12186.5,15352.0,32904.0,45090.5,0.7297324270079063,0,0,1
2,30002,가산디지털단지,16328,159990,24042,26365,100601,20738,37.481072,126.882343,88159.0,25203.5,60669.5,148828.5,174032.0,0.8551789326100947,1,1,1
3,30003,가양,60359,28602,27315,21860,24845,45483,37.561391,126.854456,44480.5,24587.5,35164.0,79644.5,104232.0,0.7641079514928237,1,1,0
4,30004,가오리,13832,3586,6063,5343,3245,9549,37.641701,127.016792,8709.0,5703.0,6397.0,15106.0,20809.0,0.7259358931231679,0,0,1
5,30005,가좌,17062,5970,7312,6762,5741,10947,37.568491,126.915487,11516.0,7037.0,8344.0,19860.0,26897.0,0.7383723091794624,0,0,1
6,30006,가천대,18370,15919,12426,11571,11343,17417,37.448605,127.126697,17144.5,11998.5,14380.0,31524.5,43523.0,0.7243181765962824,0,0,1
7,30007,가평,2844,4023,4192,4297,3317,2498,37.814536,127.510739,3433.5,4244.5,2907.5,6341.0,10585.5,0.5990269708563601,0,0,1
8,30008,간석,18714,5884,8286,6961,6291,14356,37.464737,126.694181,12299.0,7623.5,10323.5,22622.5,30246.0,0.7479501421675594,0,0,1
9,30009,강남,51394,263928,108271,128623,236847,120329,37.497175,127.027926,157661.0,118447.0,178588.0,336249.0,454696.0,0.7395028766472544,0,1,1
10,30010,강남구청,7995,54433,13764,17482,35614,12527,37.517186,127.04128,31214.0,15623.0,24070.5,55284.5,70907.5,0.7796706977400134,1,0,0
11,30011,강동,57206,31524,25132,20149,27324,36747,37.535804,127.132481,44365.0,22640.5,32035.5,76400.5,99041.0,0.7714027523954726,1,1,0
12,30012,강동구청,30565,20042,13233,11892,14014,22287,37.530341,127.120508,25303.5,12562.5,18150.5,43454.0,56016.5,0.7757357207251435,1,0,1
13,30013,강매,13049,1881,3333,2342,1898,7307,37.612314,126.843223,7465.0,2837.5,4602.5,12067.5,14905.0,0.8096276417309628,1,0,0
14,30014,강변(동서울터미널),92780,40415,56556,51909,53167,81623,37.535095,127.094681,66597.5,54232.5,67395.0,133992.5,188225.0,0.7118740868641253,0,1,1
15,30015,강촌,451,1201,1411,1202,923,477,37.805723,127.634146,826.0,1306.5,700.0,1526.0,2832.5,0.5387466902030009,0,0,1
16,30016,개롱,19537,10467,9004,7781,8088,15048,37.498079,127.13482,15002.0,8392.5,11568.0,26570.0,34962.5,0.7599570968895245,1,0,1
17,30017,개봉,75229,19610,30002,25464,21672,60424,37.494594,126.85868,47419.5,27733.0,41048.0,88467.5,116200.5,0.7613349340149139,1,1,1
18,30018,개포동,7114,6880,5266,4377,5613,6468,37.489116,127.06614,6997.0,4821.5,6040.5,13037.5,17859.0,0.7300240774959404,0,0,1
19,30019,개화,13587,4111,4071,2798,4288,6002,37.578608,126.798153,8849.0,3434.5,5145.0,13994.0,17428.5,0.8029377169578564,1,0,0
20,30020,개화산,16423,8677,7174,6128,7204,11222,37.572399,126.806171,12550.0,6651.0,9213.0,21763.0,28414.0,0.7659252481171254,1,0,1
21,30021,거여,25849,10688,10481,8427,8696,16766,37.493105,127.14415,18268.5,9454.0,12731.0,30999.5,40453.5,0.7662995785284339,1,0,0
22,30022,건대입구,41940,35739,31919,39804,52712,62413,37.540693,127.07023,38839.5,35861.5,57562.5,96402.0,132263.5,0.7288632162312354,0,1,0
23,30023,검암,14522,4994,4599,3291,4116,10748,37.569104,126.673728,9758.0,3945.0,7432.0,17190.0,21135.0,0.8133427963094393,1,0,0
24,30024,경기광주,27502,5643,8783,6421,5511,19688,37.399907,126.630347,16572.5,7602.0,12599.5,29172.0,36774.0,0.7932778593571546,1,0,0
25,30025,경마공원,2238,8964,4276,8747,12440,1874,37.443885,127.007888,5601.0,6511.5,7157.0,12758.0,19269.5,0.6620825657126547,0,0,0
26,30026,경복궁(정부서울청사),17435,69440,30978,34032,54849,21063,37.575762,126.97353,43437.5,32505.0,37956.0,81393.5,113898.5,0.7146143276689333,0,1,1
27,30027,경찰병원,20451,16984,10025,8515,10669,13963,37.495918,127.12454,18717.5,9270.0,12316.0,31033.5,40303.5,0.7699951617105214,1,0,1
28,30028,계양,20307,2355,5842,3717,3099,13929,37.571462,126.735637,11331.0,4779.5,8514.0,19845.0,24624.5,0.8059046884200695,1,0,0
29,30029,고덕,24121,13414,13943,11168,10792,19469,37.555004,127.154151,18767.5,12555.5,15130.5,33898.0,46453.5,0.7297189662781061,0,0,0
30,30030,고려대(종암),19713,16425,11428,9811,13676,15312,37.590508,127.036296,18069.0,10619.5,14494.0,32563.0,43182.5,0.7540786198112661,1,0,1
31,30031,고속터미널,23085,46232,43045,50187,63183,41467,37.50481,127.004943,34658.5,46616.0,52325.0,86983.5,133599.5,0.651076538460099,0,1,1
32,30032,고잔,20365,17023,11697,10055,12516,15194,37.316777,126.823249,18694.0,10876.0,13855.0,32549.0,43425.0,0.749545192861255,0,0,1
33,30033,곡산,1306,1510,798,672,940,978,37.645676,126.801762,1408.0,735.0,959.0,2367.0,3102.0,0.7630560928433269,1,0,1
34,30034,곤지암,5157,4460,3185,2588,3475,4263,37.351315,127.34674,4808.5,2886.5,3869.0,8677.5,11564.0,0.75038913870633,1,0,0
35,30035,공덕,12664,30702,10848,9918,22109,13952,37.544018,126.951592,21683.0,10383.0,18030.5,39713.5,50096.5,0.7927400117772698,1,0,1
36,30036,공릉(서울과학기술대),33351,16447,17214,14599,15647,27845,37.625742,127.072896,24899.0,15906.5,21746.0,46645.0,62551.5,0.7457055386361638,0,0,1
37,30037,공항시장,7851,2841,4269,4065,3101,7593,37.563726,126.810678,5346.0,4167.0,5347.0,10693.0,14860.0,0.7195827725437416,0,0,1
38,30038,공항화물청사,2080,13422,1952,1890,7497,1470,37.458366,126.476241,7751.0,1921.0,4483.5,12234.5,14155.5,0.8642930309773587,1,0,1
39,30039,과천,16205,5542,8124,5170,5476,10544,37.433021,126.996568,10873.5,6647.0,8010.0,18883.5,25530.5,0.7396447386459333,0,0,0
40,30040,관악,26192,8414,10257,8415,7957,18037,37.419232,126.908706,17303.0,9336.0,12997.0,30300.0,39636.0,0.7644565546472903,1,0,1
41,30041,광나루(장신대),36803,21143,18929,15784,18351,24854,37.545303,127.10357,28973.0,17356.5,21602.5,50575.5,67932.0,0.7445018547959724,0,0,1
42,30042,광명,8793,3671,4108,3003,5117,5912,37.416182,126.884466,6232.0,3555.5,5514.5,11746.5,15302.0,0.7676447523199582,1,0,0
43,30043,광명사거리,79374,22298,31565,29790,25493,58981,37.479252,126.854876,50836.0,30677.5,42237.0,93073.0,123750.5,0.7521020117090436,1,1,1
44,30044,광운대,26411,9859,11992,10959,9172,18277,37.623632,127.061835,18135.0,11475.5,13724.5,31859.5,43335.0,0.7351909541940694,0,0,1
45,30045,광화문(세종문화회관),11550,148973,33900,39963,102169,23726,37.571026,126.976669,80261.5,36931.5,62947.5,143209.0,180140.5,0.7949850255772577,1,1,1
46,30046,광흥창(서강),18440,23323,12059,10027,16474,14162,37.547456,126.931993,20881.5,11043.0,15318.0,36199.5,47242.5,0.7662486108906176,1,0,1
47,30047,교대(법원.검찰청),19663,73625,31404,33163,60067,27988,37.493415,127.01408,46644.0,32283.5,44027.5,90671.5,122955.0,0.7374364604936765,0,1,1
48,30048,구로,33287,50675,23234,23099,36498,30990,37.503039,126.881966,41981.0,23166.5,33744.0,75725.0,98891.5,0.76573820803608,1,1,1
49,30049,구로디지털단지,142833,156501,65215,58934,116539,114905,37.485266,126.901401,149667.0,62074.5,115722.0,265389.0,327463.5,0.8104384152737634,1,1,1
50,30050,구룡,3090,4742,3090,1776,2672,2343,37.486839,127.058856,3916.0,2433.0,2507.5,6423.5,8856.5,0.7252865127307627,0,0,0
51,30051,구리,42587,15702,18577,17182,15621,33891,37.603392,127.143869,29144.5,17879.5,24756.0,53900.5,71780.0,0.750912510448593,1,0,1
52,30052,구반포,4329,5004,4350,4532,5239,5009,37.501364,126.987332,4666.5,4441.0,5124.0,9790.5,14231.5,0.6879457541369497,0,0,1
53,30053,구산,26312,6077,10573,7331,6581,13798,37.611377,126.91727,16194.5,8952.0,10189.5,26384.0,35336.0,0.7466606293864614,0,0,0
54,30054,구성,17236,5228,6353,5104,4672,12835,37.298969,127.105664,11232.0,5728.5,8753.5,19985.5,25714.0,0.7772225246947189,1,0,0
55,30055,구의(광진구청),79359,25452,29225,25733,26797,57716,37.537077,127.085916,52405.5,27479.0,42256.5,94662.0,122141.0,0.7750223102807411,1,1,1
56,30056,구일,20800,9429,8885,8284,8971,17946,37.496756,126.870793,15114.5,8584.5,13458.5,28573.0,37157.5,0.7689699253179035,1,0,1
57,30057,구파발,67808,25064,28351,25333,23419,45360,37.636763,126.918821,46436.0,26842.0,34389.5,80825.5,107667.5,0.7506954280539624,1,1,1
58,30058,국수,1847,1206,1515,1209,706,1380,37.516169,127.399367,1526.5,1362.0,1043.0,2569.5,3931.5,0.6535673407096528,0,0,0
59,30059,국회의사당,5197,78248,16280,15571,49890,8018,37.528105,126.917874,41722.5,15925.5,28954.0,70676.5,86602.0,0.8161070183136648,1,1,1
60,30060,군자(능동),37236,15942,15320,13206,18395,28193,37.557121,127.079542,26589.0,14263.0,23294.0,49883.0,64146.0,0.7776478658061298,1,0,1
61,30061,군포,14921,26772,7320,5823,16727,10590,37.35356,126.948462,20846.5,6571.5,13658.5,34505.0,41076.5,0.8400180151668228,1,0,0
62,30062,굴봉산,207,357,434,399,206,146,37.832067,127.557695,282.0,416.5,176.0,458.0,874.5,0.5237278444825615,0,0,1
63,30063,굴포천,30064,8530,10936,9729,9358,25811,37.506997,126.73128,19297.0,10332.5,17584.5,36881.5,47214.0,0.7811560130469776,1,0,1
64,30064,굽은다리(강동구민회관앞),31000,9290,12812,10796,9815,22170,37.545477,127.142853,20145.0,11804.0,15992.5,36137.5,47941.5,0.753783256677409,1,0,1
65,30065,금곡,4259,2735,2294,1883,1789,2877,37.637382,127.207853,3497.0,2088.5,2333.0,5830.0,7918.5,0.7362505525036307,0,0,1
66,30066,금릉,12267,6332,6358,5242,5867,10325,37.751322,126.765347,9299.5,5800.0,8096.0,17395.5,23195.5,0.7499514992132095,0,0,1
67,30067,금정,69453,50419,30334,25995,40902,57594,37.372221,126.943429,59936.0,28164.5,49248.0,109184.0,137348.5,0.7949413353622354,1,1,1
68,30068,금천구청,37307,18320,14748,13023,13988,27525,37.455626,126.89398,27813.5,13885.5,20756.5,48570.0,62455.5,0.777673703677018,1,0,1
69,30069,금촌,16237,11370,10270,9020,9434,13279,37.766217,126.774644,13803.5,9645.0,11356.5,25160.0,34805.0,0.7228846430110616,0,0,1
70,30070,금호,27951,6611,11626,9518,8213,19930,37.548034,127.015872,17281.0,10572.0,14071.5,31352.5,41924.5,0.7478324130281816,0,0,1
71,30071,기흥,30082,10328,12417,9767,12157,24085,37.275619,127.115936,20205.0,11092.0,18121.0,38326.0,49418.0,0.7755473714031325,1,0,0
72,30072,길동,20508,10989,11120,10755,9738,17479,37.537801,127.140004,15748.5,10937.5,13608.5,29357.0,40294.5,0.7285609698594101,0,0,1
73,30073,길음,70981,21943,27921,24428,22581,49809,37.603407,127.025053,46462.0,26174.5,36195.0,82657.0,108831.5,0.7594951829203861,1,1,1
74,30074,김유정,370,673,908,1091,573,340,37.818466,127.71434,521.5,999.5,456.5,978.0,1977.5,0.4945638432364096,0,0,1
75,30075,김포공항,7885,13838,11869,12644,16339,9690,37.562434,126.801058,10861.5,12256.5,13014.5,23876.0,36132.5,0.6607901473742476,0,0,1
76,30076,까치산,116320,16876,36617,30145,22720,80724,37.531768,126.846683,66598.0,33381.0,51722.0,118320.0,151701.0,0.7799553068206538,1,1,1
77,30077,까치울,28366,6626,9301,7699,7386,19606,37.506207,126.810939,17496.0,8500.0,13496.0,30992.0,39492.0,0.7847665349944293,1,0,1
78,30078,낙성대(강감찬),84929,26389,32898,26484,29499,63257,37.47693,126.963693,55659.0,29691.0,46378.0,102037.0,131728.0,0.7746037288959067,1,1,0
79,30079,남구로,29026,57910,15453,16343,35960,24837,37.486056,126.887249,43468.0,15898.0,30398.5,73866.5,89764.5,0.8228921232781333,1,1,1
80,30080,남동인더스파크,1392,12792,2176,1427,6791,1445,37.407722,126.695216,7092.0,1801.5,4118.0,11210.0,13011.5,0.8615455558544365,1,0,0
81,30081,남부터미널(예술의전당),33322,98077,42630,44199,76896,40560,37.485013,127.016189,65699.5,43414.5,58728.0,124427.5,167842.0,0.7413370908354285,0,1,1
82,30082,남성,40706,10712,14809,12744,11133,26258,37.484596,126.971251,25709.0,13776.5,18695.5,44404.5,58181.0,0.7632130764338874,1,0,1
83,30083,남영,12878,35061,12520,11511,23318,14068,37.541021,126.9713,23969.5,12015.5,18693.0,42662.5,54678.0,0.7802498262555324,1,0,1
84,30084,남춘천,4128,3489,5197,5199,3822,4731,37.864007,127.723792,3808.5,5198.0,4276.5,8085.0,13283.0,0.6086727395919597,0,0,1
85,30085,남태령,3012,3269,2100,1254,2121,1525,37.463873,126.989134,3140.5,1677.0,1823.0,4963.5,6640.5,0.7474587756946013,0,0,0
86,30086,남한산성입구(성남법원.검찰청),47856,17750,17930,13998,13768,29331,37.451535,127.159816,32803.0,15964.0,21549.5,54352.5,70316.5,0.7729693599652998,1,0,0
87,30087,내방,20583,47825,16810,15932,32732,18501,37.487618,126.993513,34204.0,16371.0,25616.5,59820.5,76191.5,0.7851335122684289,1,1,1
88,30088,노들,15083,3234,6287,4753,4331,9950,37.512887,126.953222,9158.5,5520.0,7140.5,16299.0,21819.0,0.7470094871442321,0,0,0
89,30089,노량진,41110,34049,23709,22466,30656,38890,37.514219,126.942454,37579.5,23087.5,34773.0,72352.5,95440.0,0.7580940905280805,1,1,1
90,30090,노원,40422,29232,30023,31835,31429,47295,37.655128,127.061368,34827.0,30929.0,39362.0,74189.0,105118.0,0.7057687551133013,0,1,1
91,30091,녹번,54310,11600,18203,12791,11827,34523,37.600927,126.935756,32955.0,15497.0,23175.0,56130.0,71627.0,0.7836430396358915,1,0,0
92,30092,녹사평(용산구청),6244,10646,6787,7942,12459,9624,37.534675,126.986695,8445.0,7364.5,11041.5,19486.5,26851.0,0.7257271609995903,0,0,1
93,30093,녹양,14223,5690,6601,5165,4987,10556,37.75938,127.042292,9956.5,5883.0,7771.5,17728.0,23611.0,0.750836474524586,1,0,0
94,30094,녹천,16701,3641,6718,4806,3744,10142,37.644799,127.051269,10171.0,5762.0,6943.0,17114.0,22876.0,0.7481203007518797,0,0,0
95,30095,논현,12438,84932,19127,24376,56865,20815,37.511093,127.021415,48685.0,21751.5,38840.0,87525.0,109276.5,0.8009498840098283,1,1,0
96,30096,능곡,12826,3775,4981,4108,3601,8067,37.618808,126.820783,8300.5,4544.5,5834.0,14134.5,18679.0,0.756705391080893,1,0,1
97,30097,단대오거리,32897,13197,13886,11058,12459,23962,37.44521,127.156866,23047.0,12472.0,18210.5,41257.5,53729.5,0.7678742590197192,1,0,0
98,30098,달월,91,191,103,82,236,63,37.379681,126.745177,141.0,92.5,149.5,290.5,383.0,0.758485639686684,1,0,0
99,30099,답십리,53830,21422,18819,15916,19548,34303,37.566747,127.052704,37626.0,17367.5,26925.5,64551.5,81919.0,0.787991796774863,1,1,1
100,30100,당고개,43643,11475,18360,14645,11992,28827,37.670272,127.079066,27559.0,16502.5,20409.5,47968.5,64471.0,0.7440322005242668,0,0,0
101,30101,당산,45795,36890,24016,21304,31626,43838,37.53438,126.902281,41342.5,22660.0,37732.0,79074.5,101734.5,0.7772633669011004,1,1,1
102,30102,당정,19467,10543,8062,6058,8539,14369,37.344285,126.948345,15005.0,7060.0,11454.0,26459.0,33519.0,0.7893731913243235,1,0,0
103,30103,대곡,5178,2216,2334,1785,2526,2757,37.631626,126.811024,3697.0,2059.5,2641.5,6338.5,8398.0,0.7547630388187664,1,0,0
104,30104,대공원,1134,11465,8435,9909,8601,1305,37.435675,127.006523,6299.5,9172.0,4953.0,11252.5,20424.5,0.5509314793507797,0,0,1
105,30105,대림(구로구청),45977,25967,24162,24902,24278,37324,37.49297,126.895801,35972.0,24532.0,30801.0,66773.0,91305.0,0.7313181096325503,0,1,1
106,30106,대모산입구,8791,5808,5122,3762,4835,5473,37.491373,127.07272,7299.5,4442.0,5154.0,12453.5,16895.5,0.7370897576277707,0,0,0
107,30107,대방,30163,36159,17138,13931,24311,24399,37.513342,126.926382,33161.0,15534.5,24355.0,57516.0,73050.5,0.7873457402755628,1,0,0
108,30108,대성리,1120,960,1504,1496,912,922,37.684071,127.379319,1040.0,1500.0,917.0,1957.0,3457.0,0.5660977726352329,0,0,1
109,30109,대야미,14245,5958,6898,5211,6227,9722,37.328467,126.917332,10101.5,6054.5,7974.5,18076.0,24130.5,0.749093470918547,0,0,0
110,30110,대청,24523,16423,13972,10026,14459,18025,37.493514,127.079532,20473.0,11999.0,16242.0,36715.0,48714.0,0.7536847723447059,1,0,0
111,30111,대치,20993,20517,14668,16241,20198,19777,37.494612,127.063642,20755.0,15454.5,19987.5,40742.5,56197.0,0.7249942167731374,0,0,1
112,30112,대화,44153,15684,19444,14005,14558,24235,37.676087,126.747569,29918.5,16724.5,19396.5,49315.0,66039.5,0.7467500511057776,0,0,0
113,30113,대흥(서강대앞),15110,20794,11386,11472,15404,13667,37.547771,126.942069,17952.0,11429.0,14535.5,32487.5,43916.5,0.7397561281067481,0,0,1
114,30114,덕계,8767,2696,3430,2489,2239,5619,37.818486,127.056486,5731.5,2959.5,3929.0,9660.5,12620.0,0.7654912836767036,1,0,0
115,30115,덕소,19586,5332,8724,7275,5204,14610,37.586781,127.208832,12459.0,7999.5,9907.0,22366.0,30365.5,0.7365595824208394,0,0,1
116,30116,덕정,16251,10877,8932,6749,7801,12193,37.843188,127.061277,13564.0,7840.5,9997.0,23561.0,31401.5,0.7503144754231486,1,0,0
117,30117,도곡,9105,17581,8644,7359,12320,8213,37.490858,127.055381,13343.0,8001.5,10266.5,23609.5,31611.0,0.7468760874379172,0,0,1
118,30118,도농,35499,8980,12607,9261,8207,22868,37.608806,127.161153,22239.5,10934.0,15537.5,37777.0,48711.0,0.775533247110509,1,0,0
119,30119,도림천,2609,3944,1976,1477,1995,1970,37.514287,126.882768,3276.5,1726.5,1982.5,5259.0,6985.5,0.7528451792999785,1,0,0
120,30120,도봉,16995,7149,9494,8397,6131,12414,37.679563,127.045595,12072.0,8945.5,9272.5,21344.5,30290.0,0.7046715087487619,0,0,1
121,30121,도봉산,28059,9701,13961,12380,8549,17287,37.689313,127.046222,18880.0,13170.5,12918.0,31798.0,44968.5,0.7071172042652079,0,0,1
122,30122,도심,9382,2922,3220,2245,2233,4731,37.579622,127.222672,6152.0,2732.5,3482.0,9634.0,12366.5,0.7790401487890672,1,0,0
123,30123,도원,5867,9685,5993,4416,4933,4974,37.468446,126.642706,7776.0,5204.5,4953.5,12729.5,17934.0,0.7097970335675253,0,0,0
124,30124,도화,12138,4793,5780,4781,4236,7861,37.46607,126.668672,8465.5,5280.5,6048.5,14514.0,19794.5,0.7332339791356185,0,0,1
125,30125,독립문,16274,16191,13631,11955,9942,12576,37.574571,126.957748,16232.5,12793.0,11259.0,27491.5,40284.5,0.6824336903771923,0,0,1
126,30126,독바위,10852,2694,3810,3499,1972,7759,37.618456,126.933031,6773.0,3654.5,4865.5,11638.5,15293.0,0.7610344602105539,1,0,1
127,30127,독산,32544,58006,17045,14331,36059,27006,37.466613,126.889249,45275.0,15688.0,31532.5,76807.5,92495.5,0.8303917487877789,1,1,1
128,30128,돌곶이,28432,10489,11663,9831,9389,19304,37.610537,127.056431,19460.5,10747.0,14346.5,33807.0,44554.0,0.7587870898235849,1,0,1
129,30129,동대문,13092,40904,30947,33679,34731,17755,37.57142,127.009745,26998.0,32313.0,26243.0,53241.0,85554.0,0.6223087173013535,0,1,1
130,30130,동대문역사문화공원(DDP),5072,28892,11663,13222,24351,10353,37.565138,127.007896,16982.0,12442.5,17352.0,34334.0,46776.5,0.7340010475345526,0,0,1
131,30131,동대입구,6303,33047,12107,15720,25086,9331,37.559052,127.005602,19675.0,13913.5,17208.5,36883.5,50797.0,0.7260960292930685,0,0,0
132,30132,동두천,4974,6182,3460,3382,2958,4016,37.927878,127.05479,5578.0,3421.0,3487.0,9065.0,12486.0,0.7260131347108761,0,0,1
133,30133,동두천중앙,8303,6173,5604,4780,4110,5761,37.901885,127.056482,7238.0,5192.0,4935.5,12173.5,17365.5,0.7010163830583629,0,0,1
134,30134,동묘앞,8908,17379,19684,20665,15715,9907,37.572627,127.016429,13143.5,20174.5,12811.0,25954.5,46129.0,0.5626503934618136,0,0,1
135,30135,동암,47418,15527,22331,19138,17927,41458,37.471408,126.702896,31472.5,20734.5,29692.5,61165.0,81899.5,0.746829956226839,0,1,1
136,30136,동인천,31463,24263,23343,21006,24954,26642,37.475276,126.632802,27863.0,22174.5,25798.0,53661.0,75835.5,0.707597365350001,0,0,1
137,30137,동작(현충원),4873,3731,3627,3033,3423,3711,37.502971,126.979306,4302.0,3330.0,3567.0,7869.0,11199.0,0.7026520225020091,0,0,1
138,30138,두정,10135,9441,8128,8063,8967,11030,36.833705,127.14896,9788.0,8095.5,9998.5,19786.5,27882.0,0.709651387992253,0,0,1
139,30139,둔촌동,21769,13832,11838,11030,12595,18148,37.527788,127.136248,17800.5,11434.0,15371.5,33172.0,44606.0,0.743666771286374,0,0,1
140,30140,둔촌오륜,2642,2016,1653,905,1249,1713,37.51972,127.13897,2329.0,1279.0,1481.0,3810.0,5089.0,0.7486736097465121,0,0,0
141,30141,등촌,33329,11507,14597,12555,11023,25621,37.550632,126.865689,22418.0,13576.0,18322.0,40740.0,54316.0,0.7500552323440607,1,0,1
142,30142,디지털미디어시티,17997,28984,8658,8123,20356,13702,37.576646,126.900984,23490.5,8390.5,17029.0,40519.5,48910.0,0.8284502146800246,1,0,1
143,30143,뚝섬,21902,74287,21394,25601,54701,24590,37.547184,127.047367,48094.5,23497.5,39645.5,87740.0,111237.5,0.7887627823350938,1,1,1
144,30144,뚝섬유원지,22637,8938,10474,12216,14922,20929,37.53154,127.066704,15787.5,11345.0,17925.5,33713.0,45058.0,0.7482134138221848,0,0,1
145,30145,마곡,18112,20651,9835,8330,14890,12299,37.560183,126.825448,19381.5,9082.5,13594.5,32976.0,42058.5,0.7840507864046506,1,0,1
146,30146,마곡나루(서울식물원),14442,24033,8436,7431,19525,13537,37.567336,126.829497,19237.5,7933.5,16531.0,35768.5,43702.0,0.8184636858725001,1,0,1
147,30147,마두,14393,14840,13026,12016,11343,13290,37.652206,126.77762,14616.5,12521.0,12316.5,26933.0,39454.0,0.6826430780149034,0,0,1
148,30148,마들,46621,8861,16062,12901,8259,30307,37.66494,127.057675,27741.0,14481.5,19283.0,47024.0,61505.5,0.7645495118322752,1,0,0
149,30149,마석,11266,5997,5863,4977,4402,8309,37.652782,127.311767,8631.5,5420.0,6355.5,14987.0,20407.0,0.7344048610770814,0,0,1
150,30150,마장,15593,10430,8241,6996,8020,10828,37.5661,127.042973,13011.5,7618.5,9424.0,22435.5,30054.0,0.7465062886803753,0,0,1
151,30151,마천,19461,6887,7561,6974,5230,13007,37.49499,127.152781,13174.0,7267.5,9118.5,22292.5,29560.0,0.7541441136671178,1,0,1
152,30152,마포,24993,41966,16042,14943,29959,23406,37.539574,126.945932,33479.5,15492.5,26682.5,60162.0,75654.5,0.7952203768447349,1,0,1
153,30153,마포구청,39879,22053,18534,14920,20344,26071,37.563515,126.903343,30966.0,16727.0,23207.5,54173.5,70900.5,0.764077827377804,1,0,0
154,30154,망우,22462,9021,11373,10764,8878,17578,37.59955,127.091909,15741.5,11068.5,13228.0,28969.5,40038.0,0.7235501273789899,0,0,1
155,30155,망원,28826,22113,19421,24692,25445,30037,37.556094,126.910052,25469.5,22056.5,27741.0,53210.5,75267.0,0.7069565679514263,0,0,0
156,30156,망월사,22137,10904,12512,10738,8093,18007,37.709914,127.047455,16520.5,11625.0,13050.0,29570.5,41195.5,0.7178089839909699,0,0,1
157,30157,망포,36487,24701,14566,11192,23756,29521,37.245795,127.057353,30594.0,12879.0,26638.5,57232.5,70111.5,0.8163068826084166,1,0,0
158,30158,매교,6868,5438,3361,3006,3562,5125,37.265481,127.015678,6153.0,3183.5,4343.5,10496.5,13680.0,0.7672880116959064,1,0,1
159,30159,매봉,15272,40374,13578,11643,28941,13459,37.486947,127.046769,27823.0,12610.5,21200.0,49023.0,61633.5,0.7953953612889094,1,0,1
160,30160,매탄권선,14512,5777,5739,4167,5530,11249,37.252759,127.040566,10144.5,4953.0,8389.5,18534.0,23487.0,0.7891173840848129,1,0,0
161,30161,먹골,34807,9419,13828,11891,10669,25892,37.610637,127.077725,22113.0,12859.5,18280.5,40393.5,53253.0,0.7585206467241282,1,0,1
162,30162,면목,55734,16288,20151,17817,15437,38768,37.588579,127.087503,36011.0,18984.0,27102.5,63113.5,82097.5,0.7687627516063218,1,1,1
163,30163,명동,9061,75113,34649,48154,73162,31292,37.560989,126.986325,42087.0,41401.5,52227.0,94314.0,135715.5,0.6949390452822264,0,1,0
164,30164,명일,27478,8475,11850,10184,7817,21871,37.55137,127.143999,17976.5,11017.0,14844.0,32820.5,43837.5,0.7486854861705161,0,0,1
165,30165,명학,19814,30131,9885,8276,18906,13954,37.384653,126.935433,24972.5,9080.5,16430.0,41402.5,50483.0,0.8201275676960561,1,0,1
166,30166,모란,32590,16395,20250,19083,16959,25771,37.43213,127.129087,24492.5,19666.5,21365.0,45857.5,65524.0,0.6998580672730602,0,0,1
167,30167,목동,54738,21480,22274,20749,20320,48747,37.526065,126.864931,38109.0,21511.5,34533.5,72642.5,94154.0,0.7715285595938569,1,1,1
168,30168,몽촌토성(평화의문),10650,15902,7755,7763,11682,9236,37.517409,127.112359,13276.0,7759.0,10459.0,23735.0,31494.0,0.7536356131326601,1,0,1
169,30169,무악재,13399,3953,5406,4541,3846,10116,37.582299,126.950291,8676.0,4973.5,6981.0,15657.0,20630.5,0.7589248927558712,1,0,1
170,30170,문래,36677,66975,22394,21551,46131,31415,37.517933,126.89476,51826.0,21972.5,38773.0,90599.0,112571.5,0.80481294110854,1,1,1
171,30171,문산,13859,8865,8792,7783,7221,10790,37.854619,126.788047,11362.0,8287.5,9005.5,20367.5,28655.0,0.7107834583842262,0,0,1
172,30172,문정,23406,90387,20370,18854,54492,20858,37.485855,127.1225,56896.5,19612.0,37675.0,94571.5,114183.5,0.8282413833872669,1,1,1
173,30173,미금,26737,31612,25980,24130,26865,30464,37.350077,127.10891,29174.5,25055.0,28664.5,57839.0,82894.0,0.6977465196516033,0,1,1
174,30174,미사,43627,12224,15236,12530,13906,35016,37.57222,127.20835,27925.5,13883.0,24461.0,52386.5,66269.5,0.7905069451255857,1,0,1
175,30175,미아(서울사이버대학),46177,21526,22776,19250,18259,33599,37.62667,127.025983,33851.5,21013.0,25929.0,59780.5,80793.5,0.739917196309109,0,1,1
176,30176,미아사거리,85384,28065,40344,36436,35024,69223,37.613292,127.030053,56724.5,38390.0,52123.5,108848.0,147238.0,0.7392656786970755,0,1,1
177,30177,반월,13911,4743,6298,5162,5066,10201,37.312212,126.903524,9327.0,5730.0,7633.5,16960.5,22690.5,0.7474714087393403,0,0,1
178,30178,반포,9116,16413,8365,8620,13110,7490,37.508178,127.011727,12764.5,8492.5,10300.0,23064.5,31557.0,0.7308837975726463,0,0,1
179,30179,발산,22765,57305,24459,24039,43758,27432,37.558598,126.837668,40035.0,24249.0,35595.0,75630.0,99879.0,0.7572162316402847,1,1,1
180,30180,방배,27050,49221,24219,23283,37383,26977,37.481426,126.997596,38135.5,23751.0,32180.0,70315.5,94066.5,0.7475084116024302,0,1,1
181,30181,방이,15389,14527,9204,9262,12192,14176,37.508857,127.126133,14958.0,9233.0,13184.0,28142.0,37375.0,0.7529632107023412,1,0,1
182,30182,방학,26277,12564,14534,13077,10994,20770,37.667503,127.044273,19420.5,13805.5,15882.0,35302.5,49108.0,0.7188747250957074,0,0,1
183,30183,방화,21943,8645,10161,7700,6647,15254,37.577446,126.812741,15294.0,8930.5,10950.5,26244.5,35175.0,0.7461122956645345,0,0,0
184,30184,배방,2323,1307,1500,1374,1493,2102,36.777629,127.052991,1815.0,1437.0,1797.5,3612.5,5049.5,0.7154173680562432,0,0,1
185,30185,백마,23313,7637,8199,6147,6522,16423,37.658239,126.794461,15475.0,7173.0,11472.5,26947.5,34120.5,0.7897744757550447,1,0,0
186,30186,백석,20358,18116,16378,15265,17242,19696,37.643114,126.78787,19237.0,15821.5,18469.0,37706.0,53527.5,0.7044229601606651,0,0,1
187,30187,백양리,104,339,348,308,257,113,37.830779,127.58933,221.5,328.0,185.0,406.5,734.5,0.5534377127297482,0,0,1
188,30188,백운,23944,7902,10922,9056,7350,18650,37.483664,126.707704,15923.0,9989.0,13000.0,28923.0,38912.0,0.7432925575657895,0,0,1
189,30189,버티고개,5633,3607,3103,2680,3479,4411,37.548013,127.007055,4620.0,2891.5,3945.0,8565.0,11456.5,0.7476105267751931,0,0,1
190,30190,범계,65483,40991,34157,33718,43954,58343,37.389793,126.950806,53237.0,33937.5,51148.5,104385.5,138323.0,0.7546503473753461,1,1,1
191,30191,별내,7523,4515,3737,3227,3836,5393,37.64202,127.12684,6019.0,3482.0,4614.5,10633.5,14115.5,0.753320817541001,1,0,1
192,30192,병점,35849,20713,20467,16304,21914,33683,37.207503,127.032731,28281.0,18385.5,27798.5,56079.5,74465.0,0.7530987712348083,1,0,0
193,30193,보라매,22933,23871,12436,9965,16178,17746,37.499872,126.920428,23402.0,11200.5,16962.0,40364.0,51564.5,0.7827866070649381,1,0,0
194,30194,보문,11947,7635,6096,4818,6285,8325,37.585286,127.019381,9791.0,5457.0,7305.0,17096.0,22553.0,0.7580366248392675,1,0,0
195,30195,보산,3987,2270,2733,1983,2308,3568,37.913702,127.057277,3128.5,2358.0,2938.0,6066.5,8424.5,0.720102083209686,0,0,0
196,30196,보정,8174,3427,3658,2441,2483,4703,37.312752,127.108196,5800.5,3049.5,3593.0,9393.5,12443.0,0.7549224463553805,1,0,0
197,30197,복정,15633,7477,6721,4981,8131,10508,37.470047,127.126662,11555.0,5851.0,9319.5,20874.5,26725.5,0.781070513180296,1,0,0
198,30198,봉명,2285,3195,2227,1700,1428,1518,36.801215,127.135763,2740.0,1963.5,1473.0,4213.0,6176.5,0.6821015138023152,0,0,0
199,30199,봉은사,8821,59562,19614,24054,48239,14432,37.514219,127.060245,34191.5,21834.0,31335.5,65527.0,87361.0,0.7500715422213573,1,1,0
200,30200,봉천,87966,19698,31827,26597,23397,58128,37.482362,126.941892,53832.0,29212.0,40762.5,94594.5,123806.5,0.7640511604802656,1,1,1
201,30201,봉화산(서울의료원),36451,8134,11334,9056,7450,22201,37.617283,127.091401,22292.5,10195.0,14825.5,37118.0,47313.0,0.7845201107518018,1,0,0
202,30202,부개,29698,7822,11695,9663,7916,21090,37.488418,126.74109,18760.0,10679.0,14503.0,33263.0,43942.0,0.7569751035455828,1,0,1
203,30203,부발,3833,3745,2741,1856,3312,3508,37.260192,127.490277,3789.0,2298.5,3410.0,7199.0,9497.5,0.7579889444590682,1,0,0
204,30204,부천,91434,36054,49166,49645,47501,87089,37.48405,126.782686,63744.0,49405.5,67295.0,131039.0,180444.5,0.7262011310957108,0,1,1
205,30205,부천시청,32971,19126,15279,15113,19561,27853,37.504631,126.763538,26048.5,15196.0,23707.0,49755.5,64951.5,0.7660408150697059,1,0,1
206,30206,부천종합운동장,16067,7119,5775,4333,5650,8998,37.50538,126.797337,11593.0,5054.0,7324.0,18917.0,23971.0,0.7891619039672938,1,0,0
207,30207,부평,70726,31329,44872,52763,51728,85706,37.489493,126.724805,51027.5,48817.5,68717.0,119744.5,168562.0,0.7103884624055243,0,1,1
208,30208,부평구청,42544,9404,11686,7936,10234,24459,37.508336,126.720548,25974.0,9811.0,17346.5,43320.5,53131.5,0.8153449460301327,1,0,0
209,30209,북한산보국문,18384,6216,8911,6589,6152,13584,37.612343,127.008009,12300.0,7750.0,9868.0,22168.0,29918.0,0.7409586202286249,0,0,0
210,30210,북한산우이,7328,5197,5750,5066,3257,4054,37.663146,127.012789,6262.5,5408.0,3655.5,9918.0,15326.0,0.6471355865848885,0,0,1
211,30211,불광,29150,15284,16665,17275,14616,25119,37.610469,126.929887,22217.0,16970.0,19867.5,42084.5,59054.5,0.7126383256144747,0,0,1
212,30212,사가정,51443,17528,21496,18981,18208,40042,37.580894,127.088478,34485.5,20238.5,29125.0,63610.5,83849.0,0.7586315877350952,1,1,1
213,30213,사당,74948,41049,42506,40156,53144,77183,37.47653,126.981685,57998.5,41331.0,65163.5,123162.0,164493.0,0.7487370283233937,0,1,1
214,30214,사릉,12307,4847,4026,3211,3695,8039,37.65108,127.176933,8577.0,3618.5,5867.0,14444.0,18062.5,0.7996678200692041,1,0,0
215,30215,사평,8020,4562,4589,3808,4374,6452,37.504206,127.015259,6291.0,4198.5,5413.0,11704.0,15902.5,0.7359849080333281,0,0,1
216,30216,산본,44830,21720,22444,23106,22985,42579,37.358101,126.933274,33275.0,22775.0,32782.0,66057.0,88832.0,0.7436171649855908,0,1,1
217,30217,산성,20389,6382,8293,6602,5603,14551,37.457122,127.149908,13385.5,7447.5,10077.0,23462.5,30910.0,0.7590585571012617,1,0,0
218,30218,삼각지,7172,15070,7170,6447,12746,7802,37.534777,126.97311,11121.0,6808.5,10274.0,21395.0,28203.5,0.7585937915506941,1,0,1
219,30219,삼동,9733,1722,2412,1825,1684,5840,37.409522,127.20336,5727.5,2118.5,3762.0,9489.5,11608.0,0.8174965541006203,1,0,0
220,30220,삼산체육관,18905,4049,6513,4969,4120,12248,37.506411,126.742153,11477.0,5741.0,8184.0,19661.0,25402.0,0.7739941736871112,1,0,0
221,30221,삼성(무역센터),19603,220354,59519,74212,169132,39028,37.508844,127.06316,119978.5,66865.5,104080.0,224058.5,290924.0,0.770161622966823,1,1,0
222,30222,삼성중앙,5285,23852,6902,6915,17006,7029,37.513011,127.053282,14568.5,6908.5,12017.5,26586.0,33494.5,0.793742256191315,1,0,1
223,30223,삼송,56818,18439,22995,21130,20729,41445,37.653083,126.895558,37628.5,22062.5,31087.0,68715.5,90778.0,0.7569620392606138,1,1,1
224,30224,삼양,6082,2348,3253,3236,1838,4667,37.627165,127.018152,4215.0,3244.5,3252.5,7467.5,10712.0,0.6971153846153846,0,0,1
225,30225,삼양사거리,6597,3005,4044,3884,2470,5079,37.621512,127.02048,4801.0,3964.0,3774.5,8575.5,12539.5,0.6838789425415687,0,0,1
226,30226,삼전,18939,5939,7878,6288,7084,14877,37.50403,127.08904,12439.0,7083.0,10980.5,23419.5,30502.5,0.7677895254487337,1,0,0
227,30227,상갈,17073,6906,7156,5647,6843,12608,37.26181,127.108847,11989.5,6401.5,9725.5,21715.0,28116.5,0.7723223018512262,1,0,0
228,30228,상계,70075,16466,25810,20571,17109,46764,37.660878,127.073572,43270.5,23190.5,31936.5,75207.0,98397.5,0.7643181991412383,1,1,0
229,30229,상도,32564,13906,14899,12803,13428,23764,37.502834,126.94791,23235.0,13851.0,18596.0,41831.0,55682.0,0.7512481591896842,1,0,1
230,30230,상동,31032,21711,17098,18442,21824,29563,37.505781,126.753083,26371.5,17770.0,25693.5,52065.0,69835.0,0.7455430657979523,0,0,1
231,30231,상록수,60462,17397,23569,18549,18368,48222,37.302795,126.866489,38929.5,21059.0,33295.0,72224.5,93283.5,0.7742473213376427,1,1,0
232,30232,상봉(시외버스터미널),34785,14075,14519,12967,15514,26895,37.596362,127.085032,24430.0,13743.0,21204.5,45634.5,59377.5,0.7685486926866237,1,0,1
233,30233,상수,10292,17179,10301,16347,20807,19405,37.547716,126.922852,13735.5,13324.0,20106.0,33841.5,47165.5,0.7175053799917313,0,0,0
234,30234,상왕십리,42202,21705,18620,15257,18498,30334,37.564354,127.029354,31953.5,16938.5,24416.0,56369.5,73308.0,0.7689406340372128,1,0,1
235,30235,상월곡(한국과학기술연구원),21409,7921,8243,6657,6558,13033,37.606377,127.048491,14665.0,7450.0,9795.5,24460.5,31910.5,0.7665345262531141,1,0,0
236,30236,상일동,58227,12721,17645,12247,12946,34545,37.556712,127.166417,35474.0,14946.0,23745.5,59219.5,74165.5,0.7984777288631506,1,0,0
237,30237,상천,593,646,832,692,403,381,37.770246,127.454821,619.5,762.0,392.0,1011.5,1773.5,0.5703411333521285,0,0,1
238,30238,새절(신사),47879,11168,17182,13861,11405,32404,37.591148,126.913629,29523.5,15521.5,21904.5,51428.0,66949.5,0.7681610766323871,1,0,0
239,30239,샛강,4616,18339,6382,6366,13649,6610,37.517274,126.928422,11477.5,6374.0,10129.5,21607.0,27981.0,0.7722025660269468,1,0,1
240,30240,서강대,2914,5334,2991,3092,4392,3003,37.551881,126.935711,4124.0,3041.5,3697.5,7821.5,10863.0,0.7200128877842217,0,0,1
241,30241,서대문,17770,80844,20961,17289,47024,15429,37.565773,126.966641,49307.0,19125.0,31226.5,80533.5,99658.5,0.8080946432065503,1,1,1
242,30242,서동탄,5790,1461,1860,1455,1559,3675,37.195504,127.051672,3625.5,1657.5,2617.0,6242.5,7900.0,0.7901898734177215,1,0,0
243,30243,서빙고,2992,5072,2956,2290,3830,2611,37.519594,126.988537,4032.0,2623.0,3220.5,7252.5,9875.5,0.7343931952812516,0,0,0
244,30244,서울대입구(관악구청),139715,52708,65480,57918,66485,116922,37.481247,126.952739,96211.5,61699.0,91703.5,187915.0,249614.0,0.7528223577203201,1,1,1
245,30245,서울숲,16377,22948,11148,13411,21429,14150,37.543617,127.044707,19662.5,12279.5,17789.5,37452.0,49731.5,0.7530840614097705,1,0,1
246,30246,서울역,15868,42893,20385,19737,34520,18706,37.554648,126.972559,29380.5,20061.0,26613.0,55993.5,76054.5,0.7362286255251168,0,0,1
247,30247,서정리,9875,10392,9288,7214,10907,10711,37.056496,127.052819,10133.5,8251.0,10809.0,20942.5,29193.5,0.7173685923236337,0,0,0
248,30248,서초,20350,84842,29867,26984,55053,17710,37.491897,127.007917,52596.0,28425.5,36381.5,88977.5,117403.0,0.7578809740807305,1,1,1
249,30249,서현,33351,59073,34729,38424,58171,42989,37.385126,127.123592,46212.0,36576.5,50580.0,96792.0,133368.5,0.7257485838110198,0,1,1
250,30250,석계,34312,8913,15017,13435,10628,30206,37.614805,127.065851,21612.5,14226.0,20417.0,42029.5,56255.5,0.747118059567509,0,0,1
251,30251,석수,33880,14083,13082,9504,12684,22740,37.435047,126.902295,23981.5,11293.0,17712.0,41693.5,52986.5,0.786870240532966,1,0,0
252,30252,석촌,18832,11019,10122,9906,11209,16557,37.505431,127.106979,14925.5,10014.0,13883.0,28808.5,38822.5,0.7420567969605255,0,0,1
253,30253,석촌고분,15688,6771,7231,5788,6665,12603,37.50264,127.096866,11229.5,6509.5,9634.0,20863.5,27373.0,0.7621926716107112,1,0,0
254,30254,선릉,16325,139403,39685,40252,93417,25336,37.504503,127.049008,77864.0,39968.5,59376.5,137240.5,177209.0,0.7744555863415515,1,1,1
255,30255,선바위,19879,20214,10513,7589,17495,12542,37.451673,127.002303,20046.5,9051.0,15018.5,35065.0,44116.0,0.7948363405567141,1,0,0
256,30256,선유도,15470,20201,8104,7216,15137,11571,37.53802,126.893525,17835.5,7660.0,13354.0,31189.5,38849.5,0.8028288652363609,1,0,1
257,30257,선정릉,6904,34409,9049,10381,23087,8343,37.51098,127.043593,20656.5,9715.0,15715.0,36371.5,46086.5,0.7892007420828225,1,0,1
258,30258,성균관대,46314,15555,17909,15258,17043,37861,37.300349,126.97075,30934.5,16583.5,27452.0,58386.5,74970.0,0.7787981859410431,1,0,1
259,30259,성수,26047,142974,30596,36516,94445,31483,37.544581,127.055961,84510.5,33556.0,62964.0,147474.5,181030.5,0.8146389696763805,1,1,1
260,30260,성신여대입구(돈암),25089,16201,17933,17381,21068,26214,37.592624,127.016403,20645.0,17657.0,23641.0,44286.0,61943.0,0.7149476131281985,0,0,1
261,30261,성환,5558,10329,7197,5457,7240,5888,36.916076,127.126964,7943.5,6327.0,6564.0,14507.5,20834.5,0.6963210060236626,0,0,0
262,30262,세류,9876,4031,4180,3585,4318,7799,37.245025,127.013222,6953.5,3882.5,6058.5,13012.0,16894.5,0.770191482435112,1,0,1
263,30263,세마,7477,4046,3758,2579,3567,5985,37.187533,127.04318,5761.5,3168.5,4776.0,10537.5,13706.0,0.768823872756457,1,0,0
264,30264,세종대왕릉,733,485,529,493,364,563,37.295309,127.570938,609.0,511.0,463.5,1072.5,1583.5,0.6772971266182507,0,0,1
265,30265,소래포구,10683,5166,9993,10464,6918,8711,37.40095,126.733522,7924.5,10228.5,7814.5,15739.0,25967.5,0.6061037835756233,0,0,1
266,30266,소사,29350,10616,14296,12311,9951,22094,37.482753,126.79544,19983.0,13303.5,16022.5,36005.5,49309.0,0.7302013831146443,0,0,1
267,30267,소요산,4868,3664,9461,8541,4264,2500,37.9481,127.061034,4266.0,9001.0,3382.0,7648.0,16649.0,0.45936692894468134,0,0,1
268,30268,솔밭공원,7916,2064,3718,3228,1811,5336,37.656088,127.013252,4990.0,3473.0,3573.5,8563.5,12036.5,0.7114609728741744,0,0,1
269,30269,솔샘,22657,3238,7263,5453,3460,14701,37.62124,127.013528,12947.5,6358.0,9080.5,22028.0,28386.0,0.7760163460860988,1,0,0
270,30270,송내,84449,51564,35140,28476,40992,65796,37.4876,126.753664,68006.5,31808.0,53394.0,121400.5,153208.5,0.7923874980826782,1,1,0
271,30271,송도,7745,2627,4067,3459,2755,5581,37.428514,126.657772,5186.0,3763.0,4168.0,9354.0,13117.0,0.7131203781352443,0,0,1
272,30272,송정,20656,10056,10673,9056,9909,15382,37.561184,126.811973,15356.0,9864.5,12645.5,28001.5,37866.0,0.7394892515713305,0,0,1
273,30273,송탄,10082,5524,7158,5422,6175,10199,37.075696,127.054301,7803.0,6290.0,8187.0,15990.0,22280.0,0.7176840215439856,0,0,0
274,30274,송파,25656,12996,12103,9675,10056,18264,37.499703,127.112183,19326.0,10889.0,14160.0,33486.0,44375.0,0.7546140845070423,1,0,0
275,30275,송파나루,10399,5646,5445,5819,6709,10191,37.51049,127.11216,8022.5,5632.0,8450.0,16472.5,22104.5,0.7452102513062951,0,0,1
276,30276,수내,17979,34949,17552,17770,29575,19263,37.378455,127.114322,26464.0,17661.0,24419.0,50883.0,68544.0,0.7423406862745098,0,0,1
277,30277,수락산,41772,13912,18724,15993,13419,31524,37.67785,127.055315,27842.0,17358.5,22471.5,50313.5,67672.0,0.743490660834614,0,0,1
278,30278,수리산,15393,4236,5799,4302,3386,8201,37.349801,126.925365,9814.5,5050.5,5793.5,15608.0,20658.5,0.7555243604327516,1,0,0
279,30279,수색,2874,9470,2634,2591,6181,2324,37.580842,126.895611,6172.0,2612.5,4252.5,10424.5,13037.0,0.7996088057068343,1,0,1
280,30280,수서,30527,33573,23074,19733,27098,28917,37.487371,127.10188,32050.0,21403.5,28007.5,60057.5,81461.0,0.7372546371883478,0,1,1
281,30281,수원,40848,36170,32570,37643,47871,47341,37.265974,126.999874,38509.0,35106.5,47606.0,86115.0,121221.5,0.7103937832810187,0,1,1
282,30282,수원시청,20076,27067,15649,15892,23437,27055,37.261911,127.030736,23571.5,15770.5,25246.0,48817.5,64588.0,0.7558292562085837,1,0,1
283,30283,수유(강북구청),106382,37872,49214,41723,42369,88657,37.638052,127.025732,72127.0,45468.5,65513.0,137640.0,183108.5,0.751685476097505,1,1,1
284,30284,수진,15514,6444,8089,6859,5941,10353,37.437428,127.140722,10979.0,7474.0,8147.0,19126.0,26600.0,0.7190225563909775,0,0,1
285,30285,숙대입구(갈월),20025,35158,19552,18091,30045,21980,37.54456,126.972106,27591.5,18821.5,26012.5,53604.0,72425.5,0.7401260605725883,0,0,1
286,30286,숭실대입구(살피재),38357,16612,17675,16955,16796,29981,37.496029,126.953822,27484.5,17315.0,23388.5,50873.0,68188.0,0.7460696896814689,0,0,1
287,30287,숭의,9015,7659,5459,4399,5376,6431,37.460789,126.638297,8337.0,4929.0,5903.5,14240.5,19169.5,0.7428727927175983,0,0,0
288,30288,시청,7847,108599,26033,26113,72523,12226,37.564718,126.977108,58223.0,26073.0,42374.5,100597.5,126670.5,0.7941667554797683,1,1,1
289,30289,신갈,15872,3846,6526,5045,3411,11328,37.286102,127.111313,9859.0,5785.5,7369.5,17228.5,23014.0,0.7486095420179022,0,0,0
290,30290,신금호,20680,8970,8483,7367,6970,15169,37.554548,127.020331,14825.0,7925.0,11069.5,25894.5,33819.5,0.7656677360694274,1,0,1
291,30291,신길,17821,13190,7440,5667,10472,12337,37.517122,126.917169,15505.5,6553.5,11404.5,26910.0,33463.5,0.8041597561522256,1,0,0
292,30292,신길온천,5029,2374,2142,1694,2141,3493,37.338212,126.765844,3701.5,1918.0,2817.0,6518.5,8436.5,0.7726545368339951,1,0,0
293,30293,신내,1938,1707,1071,863,1027,1344,37.612887,127.103218,1822.5,967.0,1185.5,3008.0,3975.0,0.7567295597484277,1,0,0
294,30294,신논현,33006,75616,38256,44883,76765,53774,37.504598,127.02506,54311.0,41569.5,65269.5,119580.5,161150.0,0.7420446788706174,0,1,1
295,30295,신답,6555,1244,1852,1736,1265,5183,37.57004,127.046481,3899.5,1794.0,3224.0,7123.5,8917.5,0.7988225399495374,1,0,1
296,30296,신당,19982,25085,16046,15176,20050,20376,37.565972,127.01782,22533.5,15611.0,20213.0,42746.5,58357.5,0.7324936811892216,0,0,1
297,30297,신대방,97687,24471,34289,27639,26903,68634,37.487462,126.913149,61079.0,30964.0,47768.5,108847.5,139811.5,0.7785303784023488,1,1,0
298,30298,신대방삼거리,55638,21334,20883,17178,18660,38463,37.499701,126.928276,38486.0,19030.5,28561.5,67047.5,86078.0,0.778915634656939,1,1,1
299,30299,신도림,63485,42076,36314,36683,48396,58984,37.508725,126.891295,52780.5,36498.5,53690.0,106470.5,142969.0,0.7447103917632494,0,1,1
300,30300,신둔도예촌,3357,2293,1862,1298,1905,2612,37.317185,127.40476,2825.0,1580.0,2258.5,5083.5,6663.5,0.7628873715014632,1,0,0
301,30301,신림,230945,49104,82673,67130,68970,176327,37.484201,126.929715,140024.5,74901.5,122648.5,262673.0,337574.5,0.77811860789248,1,1,0
302,30302,신목동,13984,3592,4736,3570,3738,8770,37.544277,126.88308,8788.0,4153.0,6254.0,15042.0,19195.0,0.7836415733263871,1,0,0
303,30303,신반포,5433,6616,4670,3980,5519,4930,37.503415,126.995925,6024.5,4325.0,5224.5,11249.0,15574.0,0.722293566200077,0,0,1
304,30304,신방화,22114,6899,9373,7746,6475,16332,37.567532,126.816601,14506.5,8559.5,11403.5,25910.0,34469.5,0.7516790205834143,1,0,1
305,30305,신사,14759,93977,35905,52689,90352,40021,37.516334,127.020114,54368.0,44297.0,65186.5,119554.5,163851.5,0.7296515442336506,0,1,0
306,30306,신설동,8747,19550,10541,9589,14341,8193,37.575297,127.025087,14148.5,10065.0,11267.0,25415.5,35480.5,0.7163230506898155,0,0,1
307,30307,신용산,12601,59016,17721,20591,45175,18352,37.52917,126.967894,35808.5,19156.0,31763.5,67572.0,86728.0,0.7791255419241767,1,1,1
308,30308,신원,389,472,526,372,319,250,37.525545,127.372921,430.5,449.0,284.5,715.0,1164.0,0.6142611683848798,0,0,0
309,30309,신이문,32773,5808,11817,9608,6407,21388,37.601854,127.067325,19290.5,10712.5,13897.5,33188.0,43900.5,0.7559822781061719,1,0,0
310,30310,신정(은행정),58211,9554,14740,10844,9919,28674,37.524997,126.856191,33882.5,12792.0,19296.5,53179.0,65971.0,0.8060966182110321,1,0,0
311,30311,신정네거리,35019,8238,12966,11260,8697,27196,37.520074,126.852912,21628.5,12113.0,17946.5,39575.0,51688.0,0.7656516019192076,1,0,1
312,30312,신중동,36224,27722,17366,15877,23692,30076,37.503048,126.77596,31973.0,16621.5,26884.0,58857.0,75478.5,0.7797849718794093,1,0,1
313,30313,신창(순천향대),1953,3878,3353,2404,2843,2325,36.769502,126.951108,2915.5,2878.5,2584.0,5499.5,8378.0,0.6564215803294342,0,0,0
314,30314,신촌,19620,37092,27859,32318,42419,35165,37.555134,126.936893,28356.0,30088.5,38792.0,67148.0,97236.5,0.6905637286409939,0,1,1
315,30315,신포,2387,4876,2772,2784,3677,2606,37.46874,126.623853,3631.5,2778.0,3141.5,6773.0,9551.0,0.7091404041461628,0,0,1
316,30316,신풍,37162,14410,14633,12399,12858,25851,37.50008,126.90993,25786.0,13516.0,19354.5,45140.5,58656.5,0.7695737045340244,1,0,1
317,30317,신흥,12383,4767,6864,7022,5713,11526,37.440918,127.147564,8575.0,6943.0,8619.5,17194.5,24137.5,0.7123562920766442,0,0,1
318,30318,쌍문,111806,21309,40433,29961,25724,76156,37.648627,127.034709,66557.5,35197.0,50940.0,117497.5,152694.5,0.7694939896328944,1,1,0
319,30319,쌍용(나사렛대),5354,2875,3154,2818,2736,4159,36.793759,127.1214,4114.5,2986.0,3447.5,7562.0,10548.0,0.716913158892681,0,0,1
320,30320,아산,4809,4807,4518,4181,6000,4841,36.792053,127.104361,4808.0,4349.5,5420.5,10228.5,14578.0,0.7016394567155988,0,0,1
321,30321,아신,1498,925,1125,975,771,1215,37.51382,127.443173,1211.5,1050.0,993.0,2204.5,3254.5,0.6773697956675373,0,0,1
322,30322,아차산(어린이대공원후문),43530,17787,21349,19252,17771,33007,37.551691,127.089761,30658.5,20300.5,25389.0,56047.5,76348.0,0.7341056740189658,0,1,1
323,30323,아현,27256,14600,15731,12116,13207,21078,37.557345,126.956141,20928.0,13923.5,17142.5,38070.5,51994.0,0.7322094857098896,0,0,0
324,30324,안국,7666,83067,28607,35993,63462,13899,37.576477,126.985443,45366.5,32300.0,38680.5,84047.0,116347.0,0.7223821843279157,0,1,0
325,30325,안산,21193,28471,17623,14895,28638,20951,37.327082,126.788532,24832.0,16259.0,24794.5,49626.5,65885.5,0.7532233951324646,1,0,1
326,30326,안암(고대병원앞),9768,27891,16857,16986,25042,15116,37.586272,127.029005,18829.5,16921.5,20079.0,38908.5,55830.0,0.6969102632993015,0,0,1
327,30327,안양,63555,31253,33381,32454,32838,55329,37.401592,126.922874,47404.0,32917.5,44083.5,91487.5,124405.0,0.735400506410514,0,1,1
328,30328,암사,74545,13288,22254,18087,15256,44992,37.55021,127.127562,43916.5,20170.5,30124.0,74040.5,94211.0,0.78590079714683,1,1,0
329,30329,압구정,19556,111433,42123,52835,88566,34588,37.527072,127.028461,65494.5,47479.0,61577.0,127071.5,174550.5,0.7279927585426567,0,1,0
330,30330,압구정로데오,6311,59519,19196,31070,54120,21429,37.527381,127.040534,32915.0,25133.0,37774.5,70689.5,95822.5,0.7377129588562186,0,1,0
331,30331,애오개,17886,16676,8932,7509,11062,12625,37.553736,126.95682,17281.0,8220.5,11843.5,29124.5,37345.0,0.7798768242067211,1,0,1
332,30332,야당,17245,5828,7488,6141,6676,14861,37.712327,126.761356,11536.5,6814.5,10768.5,22305.0,29119.5,0.7659815587492917,1,0,1
333,30333,야탑,52166,59789,37564,36793,49175,50278,37.411185,127.128715,55977.5,37178.5,49726.5,105704.0,142882.5,0.7397966860882194,0,1,1
334,30334,약수,17702,16592,12199,10734,14252,15815,37.55434,127.010655,17147.0,11466.5,15033.5,32180.5,43647.0,0.7372900772103467,0,0,1
335,30335,양수,4507,2984,3896,3702,2696,3547,37.545981,127.329098,3745.5,3799.0,3121.5,6867.0,10666.0,0.6438214888430527,0,0,1
336,30336,양원,4023,4467,2950,2109,1827,2744,37.606596,127.107906,4245.0,2529.5,2285.5,6530.5,9060.0,0.7208057395143488,0,0,0
337,30337,양재(서초구청),36279,153358,44308,45789,105317,48060,37.484147,127.034631,94818.5,45048.5,76688.5,171507.0,216555.5,0.791977114411779,1,1,1
338,30338,양정,1703,2162,1266,895,1609,1035,37.60533,127.19364,1932.5,1080.5,1322.0,3254.5,4335.0,0.7507497116493657,1,0,0
339,30339,양주,25526,10145,12126,9174,8710,17354,37.774381,127.044708,17835.5,10650.0,13032.0,30867.5,41517.5,0.7434816643584031,0,0,0
340,30340,양천구청,25033,6620,9042,7461,5444,19031,37.512398,126.865819,15826.5,8251.5,12237.5,28064.0,36315.5,0.7727829714584682,1,0,1
341,30341,양천향교,22666,18309,11691,9125,13812,18424,37.568381,126.841333,20487.5,10408.0,16118.0,36605.5,47013.5,0.7786167802865135,1,0,0
342,30342,양평,12306,12293,6532,5740,8550,8887,37.492832,127.491814,12299.5,6136.0,8718.5,21018.0,27154.0,0.7740296088974,1,0,1
343,30343,어린이대공원(세종대),22350,29693,18410,19983,26028,19346,37.548014,127.074658,26021.5,19196.5,22687.0,48708.5,67905.0,0.7173035858920551,0,0,1
344,30344,언주,7140,34046,11685,11458,25315,9347,37.507287,127.033868,20593.0,11571.5,17331.0,37924.0,49495.5,0.7662110696932044,1,0,1
345,30345,여의나루,5931,35128,10152,15252,34336,15400,37.527098,126.932901,20529.5,12702.0,24868.0,45397.5,58099.5,0.7813750548627785,1,0,0
346,30346,여의도,10412,117848,22528,22454,78841,16991,37.521624,126.924191,64130.0,22491.0,47916.0,112046.0,134537.0,0.832826657350766,1,1,1
347,30347,여주,4319,3466,4080,3358,2875,4096,37.282701,127.628607,3892.5,3719.0,3485.5,7378.0,11097.0,0.6648643777597549,0,0,1
348,30348,역곡,99607,23942,35864,31432,27480,76057,37.485178,126.811502,61774.5,33648.0,51768.5,113543.0,147191.0,0.7713990665190127,1,1,1
349,30349,역삼,20801,232559,50933,60188,146279,36140,37.500622,127.036456,126680.0,55560.5,91209.5,217889.5,273450.0,0.7968166026695922,1,1,1
350,30350,역촌,13466,5078,5364,5167,3554,10953,37.606021,126.922744,9272.0,5265.5,7253.5,16525.5,21791.0,0.7583635445826259,1,0,1
351,30351,연수,10957,7085,6684,6338,6993,10357,37.417804,126.67894,9021.0,6511.0,8675.0,17696.0,24207.0,0.7310282149791383,0,0,1
352,30352,연신내,63167,15594,27665,22759,19798,48026,37.619001,126.921008,39380.5,25212.0,33912.0,73292.5,98504.5,0.7440523021790882,0,1,1
353,30353,염창,62912,13340,20219,15219,15214,45952,37.546936,126.874916,38126.0,17719.0,30583.0,68709.0,86428.0,0.7949854213912159,1,1,0
354,30354,영등포,43319,89929,57344,75926,106684,71297,37.515504,126.907628,66624.0,66635.0,88990.5,155614.5,222249.5,0.7001793029905579,0,1,0
355,30355,영등포구청,22774,39743,15680,14684,27869,19443,37.52497,126.895951,31258.5,15182.0,23656.0,54914.5,70096.5,0.7834128665482585,1,0,1
356,30356,영등포시장,18432,22965,12793,14356,18818,15437,37.522669,126.905139,20698.5,13574.5,17127.5,37826.0,51400.5,0.7359072382564372,0,0,1
357,30357,영종,7651,2678,4327,3333,2880,6890,37.511466,126.5237,5164.5,3830.0,4885.0,10049.5,13879.5,0.724053460139054,0,0,0
358,30358,영통,15025,15627,11640,11629,16472,17621,37.251568,127.071394,15326.0,11634.5,17046.5,32372.5,44007.0,0.735621605653646,0,0,1
359,30359,오금,15326,9661,6262,4820,6826,9521,37.502162,127.128111,12493.5,5541.0,8173.5,20667.0,26208.0,0.7885760073260073,1,0,0
360,30360,오류동,41561,9466,16777,13568,10971,29713,37.494526,126.845365,25513.5,15172.5,20342.0,45855.5,61028.0,0.7513846103427935,1,0,0
361,30361,오리,27926,21489,16691,12540,19164,18598,37.339824,127.108942,24707.5,14615.5,18881.0,43588.5,58204.0,0.7488918287402928,0,0,0
362,30362,오목교(목동운동장앞),43708,51039,28746,33273,45900,46252,37.524496,126.875181,47373.5,31009.5,46076.0,93449.5,124459.0,0.7508456600165516,1,1,1
363,30363,오빈,824,418,539,460,339,611,37.506062,127.473868,621.0,499.5,475.0,1096.0,1595.5,0.6869319962394234,0,0,1
364,30364,오산,18967,17758,15276,12598,17094,20228,37.145885,127.06672,18362.5,13937.0,18661.0,37023.5,50960.5,0.7265136723540782,0,0,1
365,30365,오산대,7436,5537,4807,3802,4835,6427,37.168953,127.063197,6486.5,4304.5,5631.0,12117.5,16422.0,0.7378821093654854,0,0,0
366,30366,오이도,24873,11983,12622,11603,13506,20111,37.362357,126.738714,18428.0,12112.5,16808.5,35236.5,47349.0,0.7441867832477983,0,0,1
367,30367,옥수,12421,5678,7004,6196,6291,11378,37.540685,127.017965,9049.5,6600.0,8834.5,17884.0,24484.0,0.7304362032347655,0,0,1
368,30368,온수(성공회대입구),30854,11240,11137,8467,8500,20825,37.492258,126.823388,21047.0,9802.0,14662.5,35709.5,45511.5,0.7846258637926677,1,0,0
369,30369,온양온천,8019,5897,8343,8111,4996,6716,36.780483,127.003249,6958.0,8227.0,5856.0,12814.0,21041.0,0.609001473314006,0,0,1
370,30370,올림픽공원(한국체대),11214,7739,7244,7689,9203,9809,37.516078,127.130848,9476.5,7466.5,9506.0,18982.5,26449.0,0.7177019925138947,0,0,1
371,30371,왕십리(성동구청),23299,15455,16225,16163,22281,27789,37.561533,127.037732,19377.0,16194.0,25035.0,44412.0,60606.0,0.7327987327987328,0,0,1
372,30372,외대앞,18901,10289,13477,11704,12052,17422,37.596073,127.063549,14595.0,12590.5,14737.0,29332.0,41922.5,0.6996720138350527,0,0,1
373,30373,용답,8514,2550,3882,3284,2642,6476,37.561904,127.050899,5532.0,3583.0,4559.0,10091.0,13674.0,0.737969869825947,0,0,1
374,30374,용두(동대문구청),5309,3965,3857,3710,3288,4507,37.574028,127.038091,4637.0,3783.5,3897.5,8534.5,12318.0,0.6928478649131352,0,0,1
375,30375,용마산(용마폭포공원),21306,6136,6890,6108,4696,14036,37.573647,127.086727,13721.0,6499.0,9366.0,23087.0,29586.0,0.7803352937200027,1,0,1
376,30376,용문,3534,2880,5785,5772,2737,3054,37.48223,127.594647,3207.0,5778.5,2895.5,6102.5,11881.0,0.5136352158909183,0,0,1
377,30377,용산,26276,101028,50464,61002,99693,47114,37.529849,126.964561,63652.0,55733.0,73403.5,137055.5,192788.5,0.7109111798680938,0,1,1
378,30378,우장산,46350,16751,21403,17364,13973,34553,37.548768,126.836318,31550.5,19383.5,24263.0,55813.5,75197.0,0.7422304081279838,0,0,0
379,30379,운길산,1375,1663,2066,2022,1454,920,37.554669,127.310115,1519.0,2044.0,1187.0,2706.0,4750.0,0.5696842105263158,0,0,1
380,30380,운서,14865,10296,9709,7221,9272,14984,37.492904,126.49379,12580.5,8465.0,12128.0,24708.5,33173.5,0.7448264427931933,0,0,0
381,30381,운정,20728,6501,7730,6047,5939,14784,37.725826,126.767257,13614.5,6888.5,10361.5,23976.0,30864.5,0.7768147872150853,1,0,0
382,30382,원당,38088,10012,16072,12889,10107,27418,37.653324,126.843041,24050.0,14480.5,18762.5,42812.5,57293.0,0.7472553366030754,0,0,0
383,30383,원덕,923,536,793,694,400,690,37.468672,127.547076,729.5,743.5,545.0,1274.5,2018.0,0.6315659068384539,0,0,1
384,30384,원인재,12157,5236,6262,5794,5351,10617,37.412603,126.687389,8696.5,6028.0,7984.0,16680.5,22708.5,0.7345487372569742,0,0,1
385,30385,원흥,31241,8950,12137,9497,9271,21716,37.650658,126.872642,20095.5,10817.0,15493.5,35589.0,46406.0,0.7669051415765202,1,0,0
386,30386,월계,18048,8324,10165,8035,6821,13222,37.633212,127.058831,13186.0,9100.0,10021.5,23207.5,32307.5,0.718331656736052,0,0,0
387,30387,월곡(동덕여대),35067,15595,15666,14090,14860,25964,37.601948,127.041518,25331.0,14878.0,20412.0,45743.0,60621.0,0.7545734976328335,1,0,1
388,30388,월곶,6988,2491,3470,3172,3248,5401,37.391769,126.742699,4739.5,3321.0,4324.5,9064.0,12385.0,0.7318530480419863,0,0,1
389,30389,월드컵경기장(성산),8196,8129,9762,12121,10463,9510,37.569532,126.899298,8162.5,10941.5,9986.5,18149.0,29090.5,0.623880648321617,0,0,0
390,30390,월롱,2103,8301,3100,2037,6413,2517,37.796188,126.792587,5202.0,2568.5,4465.0,9667.0,12235.5,0.7900780515712476,1,0,0
391,30391,을지로3가,5968,69076,17529,18790,48692,12952,37.566295,126.99191,37522.0,18159.5,30822.0,68344.0,86503.5,0.7900720780084043,1,1,1
392,30392,을지로4가,3582,35368,12523,13528,25633,5407,37.566941,126.998079,19475.0,13025.5,15520.0,34995.0,48020.5,0.7287512624816485,0,0,1
393,30393,을지로입구,12622,182785,47194,54524,137331,32183,37.566014,126.982618,97703.5,50859.0,84757.0,182460.5,233319.5,0.7820199340389465,1,1,1
394,30394,응봉,6108,1800,2617,2103,1857,3770,37.549946,127.034538,3954.0,2360.0,2813.5,6767.5,9127.5,0.7414407011777595,0,0,0
395,30395,응암,64861,12977,23192,19053,15410,47750,37.598605,126.915577,38919.0,21122.5,31580.0,70499.0,91621.5,0.7694591335003247,1,1,1
396,30396,의왕,23558,19583,10473,8368,14527,18102,37.320852,126.948217,21570.5,9420.5,16314.5,37885.0,47305.5,0.8008582511547283,1,0,0
397,30397,의정부,37190,27479,29563,32790,32916,40252,37.738415,127.045958,32334.5,31176.5,36584.0,68918.5,100095.0,0.6885308956491333,0,1,1
398,30398,이대,20016,29216,23859,26543,30529,23815,37.556733,126.946013,24616.0,25201.0,27172.0,51788.0,76989.0,0.6726675239319903,0,1,1
399,30399,이매,8068,6065,4995,4040,5202,6221,37.396104,127.12827,7066.5,4517.5,5711.5,12778.0,17295.5,0.7388048914457518,0,0,0
400,30400,이수,31411,27989,21070,20508,29178,32306,37.486263,126.981989,29700.0,20789.0,30742.0,60442.0,81231.0,0.7440755376641922,0,1,1
401,30401,이천,5682,5181,4084,3656,4155,5396,37.265579,127.44226,5431.5,3870.0,4775.5,10207.0,14077.0,0.7250834694892377,0,0,1
402,30402,이촌(국립중앙박물관),10916,12531,9492,8716,10776,9749,37.522272,126.974345,11723.5,9104.0,10262.5,21986.0,31090.0,0.7071727243486652,0,0,1
403,30403,이태원,12363,19069,14890,19138,27591,28568,37.534488,126.994302,15716.0,17014.0,28079.5,43795.5,60809.5,0.7202081911543426,0,0,0
404,30404,인덕원,62448,55658,29382,23407,40776,51417,37.401553,126.976715,59053.0,26394.5,46096.5,105149.5,131544.0,0.7993485069634495,1,1,0
405,30405,인천,3098,4343,4703,5338,4918,2787,37.476691,126.616936,3720.5,5020.5,3852.5,7573.0,12593.5,0.6013419621233176,0,0,1
406,30406,인천공항1터미널,10502,20633,14561,15817,17852,10576,37.44899,126.45811,15567.5,15189.0,14214.0,29781.5,44970.5,0.6622452496636684,0,0,1
407,30407,인천공항2터미널,4529,8717,4942,5586,8557,2894,37.48632,126.43932,6623.0,5264.0,5725.5,12348.5,17612.5,0.7011213626685593,0,0,1
408,30408,인천논현,11642,10489,8021,8309,9662,11763,37.400614,126.722478,11065.5,8165.0,10712.5,21778.0,29943.0,0.7273152322746552,0,0,1
409,30409,인하대,14563,7563,7880,6978,7581,11931,37.448493,126.649619,11063.0,7429.0,9756.0,20819.0,28248.0,0.7370079297649391,0,0,1
410,30410,일산,31661,9209,11712,9675,7799,23405,37.682077,126.769846,20435.0,10693.5,15602.0,36037.0,46730.5,0.7711665828527408,1,0,1
411,30411,일원,18944,22259,16586,13051,13189,13604,37.483681,127.08439,20601.5,14818.5,13396.5,33998.0,48816.5,0.6964448495897904,0,0,0
412,30412,임진강,5,41,59,71,79,15,37.88906,126.74746,23.0,65.0,47.0,70.0,135.0,0.5185185185185185,0,0,1
413,30413,잠실(송파구청),68786,87157,56434,65354,100475,79409,37.51395,127.102234,77971.5,60894.0,89942.0,167913.5,228807.5,0.7338636189810211,0,1,1
414,30414,잠실나루,37340,27880,22483,18693,20278,25797,37.520733,127.10379,32610.0,20588.0,23037.5,55647.5,76235.5,0.7299420873477579,0,1,1
415,30415,잠실새내,56354,23935,29560,30341,32196,52771,37.511687,127.086162,40144.5,29950.5,42483.5,82628.0,112578.5,0.7339589708514503,0,1,1
416,30416,잠원,15281,8205,8323,6819,7505,11222,37.512759,127.01122,11743.0,7571.0,9363.5,21106.5,28677.5,0.7359951181239648,0,0,1
417,30417,장승배기,32591,12514,13768,12317,11114,22972,37.504898,126.93915,22552.5,13042.5,17043.0,39595.5,52638.0,0.7522227288270831,1,0,1
418,30418,장암,10147,1684,2373,1441,2107,1874,37.700109,127.053196,5915.5,1907.0,1990.5,7906.0,9813.0,0.805665953327219,1,0,0
419,30419,장지,43313,34356,21412,22272,31968,31971,37.478703,127.126191,38834.5,21842.0,31969.5,70804.0,92646.0,0.7642423849923364,1,1,1
420,30420,장한평,49067,38376,21361,19458,29910,36190,37.56144,127.064623,43721.5,20409.5,33050.0,76771.5,97181.0,0.7899846677848551,1,1,1
421,30421,정릉,12862,4265,6955,5318,4645,9631,37.602798,127.01349,8563.5,6136.5,7138.0,15701.5,21838.0,0.7189989925817383,0,0,0
422,30422,정발산,8547,14649,12395,14255,16764,13057,37.659477,126.773359,11598.0,13325.0,14910.5,26508.5,39833.5,0.665482571202631,0,0,1
423,30423,정부과천청사,14767,35004,14266,11050,23740,13736,37.426513,126.98978,24885.5,12658.0,18738.0,43623.5,56281.5,0.7750948357808516,1,0,0
424,30424,정왕,13785,22771,11836,10368,16472,13982,37.351735,126.742989,18278.0,11102.0,15227.0,33505.0,44607.0,0.751115295805591,1,0,1
425,30425,정자,27365,43387,19775,19124,34880,31493,37.36706,127.108105,35376.0,19449.5,33186.5,68562.5,88012.0,0.7790130891242103,1,1,1
426,30426,제기동,24442,32638,39831,42310,25596,18770,37.578103,127.034893,28540.0,41070.5,22183.0,50723.0,91793.5,0.5525772522019533,0,1,1
427,30427,제물포,28764,18156,15388,11150,13643,21378,37.466769,126.656666,23460.0,13269.0,17510.5,40970.5,54239.5,0.7553627891112565,1,0,0
428,30428,종각,9014,152260,42035,47571,117238,28919,37.570161,126.982923,80637.0,44803.0,73078.5,153715.5,198518.5,0.7743132252157859,1,1,1
429,30429,종로3가,5139,40920,26872,36634,46489,16712,37.571607,126.991806,23029.5,31753.0,31600.5,54630.0,86383.0,0.6324161003901231,0,1,0
430,30430,종로5가,8034,69470,41981,46396,58971,17318,37.570926,127.001849,38752.0,44188.5,38144.5,76896.5,121085.0,0.6350621464260643,0,1,1
431,30431,종합운동장,13785,12386,9053,9444,12574,14912,37.510997,127.073642,13085.5,9248.5,13743.0,26828.5,36077.0,0.7436455359370235,0,0,1
432,30432,주안,51124,24923,29289,22102,29143,44152,37.464941,126.679923,38023.5,25695.5,36647.5,74671.0,100366.5,0.743983301201098,0,1,0
433,30433,주엽,22196,11764,14870,13822,10299,18907,37.670072,126.761334,16980.0,14346.0,14603.0,31583.0,45929.0,0.6876483267652246,0,0,1
434,30434,죽전,33571,20073,18827,21004,24195,33177,37.324753,127.107395,26822.0,19915.5,28686.0,55508.0,75423.5,0.7359509967052709,0,0,1
435,30435,중계,51963,17737,19884,14430,12715,32800,37.644583,127.064303,34850.0,17157.0,22757.5,57607.5,74764.5,0.770519431013382,1,0,0
436,30436,중곡,33783,12794,13607,10636,10435,21956,37.565923,127.08432,23288.5,12121.5,16195.5,39484.0,51605.5,0.7651122457877552,1,0,0
437,30437,중동,31272,9267,12319,10287,8751,22059,37.486562,126.764843,20269.5,11303.0,15405.0,35674.5,46977.5,0.7593954552711404,1,0,1
438,30438,중랑,18611,4728,7902,6767,5143,13912,37.594917,127.076116,11669.5,7334.5,9527.5,21197.0,28531.5,0.7429332492157791,0,0,1
439,30439,중앙,37168,23819,22940,23367,27398,41215,37.315941,126.838573,30493.5,23153.5,34306.5,64800.0,87953.5,0.7367529433166389,0,1,1
440,30440,중앙보훈병원,26120,12353,13263,9810,8254,15287,37.52693,127.1477,19236.5,11536.5,11770.5,31007.0,42543.5,0.7288304911443582,0,0,0
441,30441,중화,36699,13813,14565,12240,12518,26639,37.602545,127.079264,25256.0,13402.5,19578.5,44834.5,58237.0,0.7698628019987294,1,0,1
442,30442,증미,16081,16546,8673,7875,12277,12810,37.557402,126.861939,16313.5,8274.0,12543.5,28857.0,37131.0,0.777167326492688,1,0,1
443,30443,증산(명지대앞),36660,7772,13560,11341,9116,26520,37.583876,126.909645,22216.0,12450.5,17818.0,40034.0,52484.5,0.762777581952767,1,0,1
444,30444,지축,5530,1343,2084,1585,1245,3913,37.648048,126.913951,3436.5,1834.5,2579.0,6015.5,7850.0,0.7663057324840764,1,0,0
445,30445,지평,170,131,136,117,48,68,37.476444,127.629617,150.5,126.5,58.0,208.5,335.0,0.6223880597014926,0,0,1
446,30446,지행,18751,7930,9733,8364,8083,15638,37.892334,127.055716,13340.5,9048.5,11860.5,25201.0,34249.5,0.7358063621366735,0,0,1
447,30447,직산,1430,2119,1158,996,1535,1349,36.870593,127.143904,1774.5,1077.0,1442.0,3216.5,4293.5,0.7491557004774659,0,0,1
448,30448,진위,2427,5043,1842,1217,3999,1945,37.109447,127.062278,3735.0,1529.5,2972.0,6707.0,8236.5,0.8143021914648212,1,0,0
449,30449,창동,38198,14849,19502,18933,15739,33748,37.653166,127.047731,26523.5,19217.5,24743.5,51267.0,70484.5,0.7273514035000603,0,0,1
450,30450,창신,13007,4828,4406,3218,3345,6269,37.579661,127.015241,8917.5,3812.0,4807.0,13724.5,17536.5,0.7826248111082599,1,0,0
451,30451,천마산,5710,1546,2405,2046,1230,3791,37.658978,127.285379,3628.0,2225.5,2510.5,6138.5,8364.0,0.7339191774270684,0,0,1
452,30452,천안,8929,8636,11619,11330,10182,10180,36.810005,127.146826,8782.5,11474.5,10181.0,18963.5,30438.0,0.6230205663972666,0,0,1
453,30453,천왕,40540,8941,12388,9960,8265,25726,37.486637,126.838713,24740.5,11174.0,16995.5,41736.0,52910.0,0.7888111888111888,1,0,0
454,30454,천호(풍납토성),36421,26233,24802,26889,31189,41311,37.538397,127.123572,31327.0,25845.5,36250.0,67577.0,93422.5,0.7233482298161578,0,1,1
455,30455,철산,72692,23992,27383,25417,26638,59521,37.47605,126.867911,48342.0,26400.0,43079.5,91421.5,117821.5,0.7759322364763647,1,1,1
456,30456,청구,7713,11181,4987,4336,7547,6020,37.560245,127.013828,9447.0,4661.5,6783.5,16230.5,20892.0,0.776876316293318,1,0,1
457,30457,청담,12397,98726,21063,22314,56937,14955,37.519365,127.05335,55561.5,21688.5,35946.0,91507.5,113196.0,0.8083987066680801,1,1,1
458,30458,청라국제도시,19107,9576,6873,4668,8496,15014,37.555878,126.625327,14341.5,5770.5,11755.0,26096.5,31867.0,0.8189192581667556,1,0,0
459,30459,청량리(서울시립대입구),34342,25124,35122,37416,28632,32777,37.580178,127.046835,29733.0,36269.0,30704.5,60437.5,96706.5,0.6249579914483514,0,1,1
460,30460,청명,13828,5526,5131,4057,4913,9578,37.259489,127.078934,9677.0,4594.0,7245.5,16922.5,21516.5,0.7864894383380197,1,0,0
461,30461,청평,3733,2884,3724,3346,2353,3063,37.735488,127.42661,3308.5,3535.0,2708.0,6016.5,9551.5,0.6299010626603151,0,0,1
462,30462,초월,10080,3398,3550,2473,2869,6991,37.374419,127.299,6739.0,3011.5,4930.0,11669.0,14680.5,0.7948639351520724,1,0,0
463,30463,초지,11957,9118,5527,4770,6045,8987,37.320646,126.805913,10537.5,5148.5,7516.0,18053.5,23202.0,0.7781010257736402,1,0,1
464,30464,총신대입구(이수),47146,30748,28573,30078,30203,47563,37.486263,126.981989,38947.0,29325.5,38883.0,77830.0,107155.5,0.7263276266733859,0,1,1
465,30465,춘의,20177,31049,9314,7572,20075,14220,37.503663,126.787036,25613.0,8443.0,17147.5,42760.5,51203.5,0.8351089281006181,1,0,0
466,30466,춘천,1931,2626,3756,3272,2933,1998,37.885054,127.717023,2278.5,3514.0,2465.5,4744.0,8258.0,0.5744732380721724,0,0,1
467,30467,충무로,6399,55041,16132,18945,40526,11850,37.561243,126.99428,30720.0,17538.5,26188.0,56908.0,74446.5,0.7644147139220783,1,0,1
468,30468,충정로(경기대입구),11606,27203,9041,7908,16847,10105,37.559973,126.963672,19404.5,8474.5,13476.0,32880.5,41355.0,0.7950791923588442,1,0,1
469,30469,탄현,25381,6955,9443,7059,7074,20145,37.694023,126.761086,16168.0,8251.0,13609.5,29777.5,38028.5,0.7830311476918627,1,0,0
470,30470,태릉입구,18361,9618,9869,8722,9686,15696,37.617983,127.07512,13989.5,9295.5,12691.0,26680.5,35976.0,0.7416194129419613,0,0,1
471,30471,태평,46967,12366,18622,16770,13005,33173,37.440019,127.127709,29666.5,17696.0,23089.0,52755.5,70451.5,0.7488201102886383,0,0,1
472,30472,퇴계원,13555,3511,4562,3648,3336,8641,37.648311,127.143952,8533.0,4105.0,5988.5,14521.5,18626.5,0.779615064558559,1,0,0
473,30473,파주,2501,3570,2398,1400,2608,1321,37.815298,126.792783,3035.5,1899.0,1964.5,5000.0,6899.0,0.7247427163357009,0,0,0
474,30474,판교,3270,17406,3976,4896,13433,3393,37.394761,127.111217,10338.0,4436.0,8413.0,18751.0,23187.0,0.8086859015827834,1,0,0
475,30475,팔당,1303,2422,1787,2208,2255,1199,37.547371,127.243939,1862.5,1997.5,1727.0,3589.5,5587.0,0.6424735994272418,0,0,0
476,30476,평내호평,18628,6589,7871,6835,6138,14482,37.653225,127.244493,12608.5,7353.0,10310.0,22918.5,30271.5,0.7570982607403003,1,0,1
477,30477,평촌,41649,47425,18900,16222,32118,31137,37.394287,126.963883,44537.0,17561.0,31627.5,76164.5,93725.5,0.8126337016073534,1,1,1
478,30478,평택,22944,17947,20194,20251,22369,24942,36.990726,127.085159,20445.5,20222.5,23655.5,44101.0,64323.5,0.6856125677240822,0,0,1
479,30479,풍산,17191,5428,7250,5848,5667,12625,37.672346,126.786243,11309.5,6549.0,9146.0,20455.5,27004.5,0.7574848636338388,1,0,0
480,30480,하계,58357,19970,26048,20921,18743,40911,37.636352,127.06799,39163.5,23484.5,29827.0,68990.5,92475.0,0.7460448769937821,0,1,0
481,30481,하남풍산,10466,7738,4849,4816,6328,8154,37.55223,127.2038,9102.0,4832.5,7241.0,16343.0,21175.5,0.7717881514013837,1,0,1
482,30482,학동,9955,118401,20900,24153,72423,13190,37.514229,127.031656,64178.0,22526.5,42806.5,106984.5,129511.0,0.826064967454502,1,1,1
483,30483,학여울,3512,5480,3835,3761,4059,2930,37.496663,127.070594,4496.0,3798.0,3494.5,7990.5,11788.5,0.6778216058022649,0,0,1
484,30484,한강진,3855,25622,8112,14127,24037,11353,37.539631,127.001725,14738.5,11119.5,17695.0,32433.5,43553.0,0.7446903772415219,0,0,0
485,30485,한남,5240,11731,6049,5295,9291,5545,37.52943,127.009169,8485.5,5672.0,7418.0,15903.5,21575.5,0.7371092211072745,0,0,1
486,30486,한대앞,22383,11567,11737,10183,10937,19523,37.309689,126.85344,16975.0,10960.0,15230.0,32205.0,43165.0,0.7460905826479787,0,0,1
487,30487,한성대입구(삼선교),31801,23636,22070,19069,21918,26955,37.588458,127.006221,27718.5,20569.5,24436.5,52155.0,72724.5,0.7171585916713075,0,0,1
488,30488,한성백제,5608,3285,3242,2728,3642,4223,37.51664,127.11621,4446.5,2985.0,3932.5,8379.0,11364.0,0.7373284054910243,0,0,1
489,30489,한양대,6631,30386,12956,15453,20432,8379,37.555273,127.043655,18508.5,14204.5,14405.5,32914.0,47118.5,0.6985366681876546,0,0,1
490,30490,한티,19030,35990,18536,22041,31780,22711,37.496237,127.052873,27510.0,20288.5,27245.5,54755.5,75044.0,0.7296452747721337,0,0,1
491,30491,합정,30390,46467,26422,32971,52813,43687,37.549463,126.913739,38428.5,29696.5,48250.0,86678.5,116375.0,0.7448206229860366,0,1,0
492,30492,행당,31431,6750,10511,8334,7042,19132,37.557322,127.029476,19090.5,9422.5,13087.0,32177.5,41600.0,0.7734975961538462,1,0,0
493,30493,행신,28001,6942,9075,7507,7839,21096,37.612102,126.834146,17471.5,8291.0,14467.5,31939.0,40230.0,0.7939100173999503,1,0,1
494,30494,혜화,20769,82007,48173,62785,87327,47104,37.582336,127.001844,51388.0,55479.0,67215.5,118603.5,174082.5,0.681306277196157,0,1,0
495,30495,호구포,6086,12798,4323,3351,8398,5264,37.401637,126.708627,9442.0,3837.0,6831.0,16273.0,20110.0,0.8091994032819493,1,0,0
496,30496,홍대입구,23637,31305,27634,43199,56040,49194,37.557192,126.925381,27471.0,35416.5,52617.0,80088.0,115504.5,0.6933755827695025,0,1,0
497,30497,홍제,56615,18573,26778,21859,18700,41069,37.589066,126.943736,37594.0,24318.5,29884.5,67478.5,91797.0,0.7350839352048542,0,1,0
498,30498,화계,10851,3211,5166,4383,2818,7026,37.634802,127.017519,7031.0,4774.5,4922.0,11953.0,16727.5,0.7145718128829771,0,0,1
499,30499,화곡,107700,21905,36278,27668,25407,74800,37.541513,126.840461,64802.5,31973.0,50103.5,114906.0,146879.0,0.7823174177384106,1,1,0
500,30500,화랑대(서울여대입구),46641,9414,14656,9213,9388,24273,37.620064,127.084689,28027.5,11934.5,16830.5,44858.0,56792.5,0.7898578157327112,1,0,0
501,30501,화서,26849,7258,8989,7447,7166,20418,37.283862,126.989627,17053.5,8218.0,13792.0,30845.5,39063.5,0.7896245856106083,1,0,1
502,30502,화전,3462,4215,3216,2857,3516,2553,37.602888,126.868387,3838.5,3036.5,3034.5,6873.0,9909.5,0.6935768706796508,0,0,1
503,30503,화정,46724,20736,27022,25617,21369,42228,37.634592,126.83265,33730.0,26319.5,31798.5,65528.5,91848.0,0.7134450396306942,0,1,1
504,30504,회기,55331,38492,39953,32827,38368,50878,37.58946,127.057583,46911.5,36390.0,44623.0,91534.5,127924.5,0.7155353352954281,0,1,1
505,30505,회룡,42742,10009,18051,15949,9222,31395,37.724846,127.046895,26375.5,17000.0,20308.5,46684.0,63684.0,0.7330569687833679,0,0,1
506,30506,회현(남대문시장),8180,94383,43479,50474,67686,12694,37.558514,126.978246,51281.5,46976.5,40190.0,91471.5,138448.0,0.6606921010054316,0,1,1
507,30507,효창공원앞,11115,11623,6371,5605,8870,8140,37.539261,126.961351,11369.0,5988.0,8505.0,19874.0,25862.0,0.7684633825690201,1,0,1
508,30508,흑석(중앙대입구),16641,14265,13217,12056,13508,17214,37.50877,126.963708,15453.0,12636.5,15361.0,30814.0,43450.5,0.7091748081149815,0,0,1
